HotelBrandID,HotelBrandName
-10000,Unknown
0,Independent (unaffiliated)
5,Adam's Mark
14,Shilo Inn
15,Renaissance
17,Best Western
18,Clarion
21,Comfort Inn
28,Courtyard
29,Doral
31,Days Inn
33,Doubletree
36,Econo Lodge
38,Embassy Suites
44,Fairfield Inn
45,Regent Hotels
54,Homewood Suites
55,Hilton Hotels
56,Holiday Inn
57,Howard Johnson
65,Hyatt Hotels
66,Inter-Continental
75,Kempinski Hotels & Resorts
80,La Quinta Inn & Suites
81,Movenpick Hotels & Resorts
85,Loews
86,Marriott Hotels & Resorts
87,Le Meridien
91,Mandarin Oriental Hotel Group
94,Nikko
98,Okura Hotels & Resorts
100,Omni
102,Outrigger
105,Pan Pacific Hotels & Resorts
106,Preferred
111,Quality
113,Ramada
114,Residence Inn
115,Radisson
117,Red Roof Inn
119,Rodeway Inn
120,Red Lion
126,Ritz-Carlton
129,Shangri-La Hotels and Resorts
130,Sheraton Hotel
131,Signature Inn
132,Swissotel
141,Sleep Inn
143,Travelodge
152,Westin
157,Wyndham Hotels
159,Delta Hotels
201,ResortQuest
202,Camino Real
206,Country Inn & Suites
209,Fairmont
210,Fiesta Americana Hotels & Resorts
213,Golden Tulip
217,Harvey Hotel
219,Hawthorn Suites
224,Jumer Hotels
225,Kimpton Hotels
227,Manhattan East Suites
228,Maritim Hotels
233,Oberoi Hotels & Resorts
235,Park Inn
236,Park Plaza
238,Regal Hotels International
239,Regency Hotels
241,Romantik Hotel
244,Sonesta Hotel
251,Susse Chalets
252,Treff Hotels
253,Walt Disney Parks & Resorts
255,Westmark
256,Crowne Plaza
258,AmeriSuites
263,Millennium Hotels
265,RIHGA Royal Hotels
270,Wingate Inn
271,Wellesley Inn
272,Sofitel
286,Flag Hotels
288,Holiday Inn Express Hotel
298,Thistle Hotels
300,Novotel
309,Four Points
315,Ana Hotels International
320,Luxury Collection
321,Sheraton Inn
323,Marco Polo Hotel Group
339,Ian Schrager Hotels
341,Drury Inn
343,Knights Inn
344,MainStay Suites
345,New Otani Hotels The
347,Sol Melia
349,Astron Hotels & Resorts
351,Americinn
353,Caesar Park Hotels & Resorts
358,Hampton Inn
359,WestCoast
360,Sutton Place Hotels
369,Starwood Villa Rentals
372,Scandic Hotels
421,Baymont Inns & Suites
433,Candlewood Hotel
473,Crossland Suites
492,Hotel Des Gouverneurs
497,Guesthouse Inns
498,Caesars Entertainment
539,Jurys Hotels
560,Microtel Inn
588,Prince Hotels
611,Gresham Hotels
645,Swallow Hotels
651,Tokyu Hotels
653,TownePlace Suites
659,Vagabond Inn
664,Villager Lodge
681,Homestead
702,SpringHill Suites
706,W Hotels
715,Comfort Suites
719,Dan Hotels
724,ClubHouse
728,AmeriHost
731,Staybridge Suites
733,Super 8
734,"Taj Hotels, Resorts & Palaces"
736,Sierra Suites
739,Raffles Intl Hotels and Resorts
740,Stamford Hotels & Resorts
2000,Suburban Lodge
2001,Executive Hotels & Resorts
2002,Hard Rock Hotels
2003,Luxor Hotel
2004,Mandalay Bay Resort & Casino
2005,Monte Carlo Resort & Casino
2006,Studio 6
2007,Universal Orlando Resort
2008,Arcotel
2009,America's Best Inns
2010,Country Hearth Inn
2011,Cross Country Inn
2012,Devere Hotels
2013,Executive Inn Suites
2014,Flair 
2015,Furama
2016,Husa 
2017,Inns of America
2018,Jolly Hotels
2019,Lees Inn Of America
2020,Masters Inn
2021,Motel 6
2022,NH Hotels
2023,Norlandia
2024,Oakwood
2025,The Peninsula Group
2026,Phoenix Inn
2027,Red Carpet Inn
2028,Rema Hotels
2029,Rica Hotels
2030,Rydges
2031,Sandals Resorts
2033,Shoney's Inn
2034,Silver Cloud
2035,Sokos
2036,Steigenberger
2037,TimHotels
2038,Tryp Hotels by Melia
2039,Una Hotels
2040,Caribbean Hotel Association (CHA) member WWTE
2041,Castle Resorts WWTE 
2042,Wyndham WWTE
2043,Woodfin Suites
2044,Starwood WWTE 
2045,St Regis
2046,Coast Hotels
2047,Mauna Lani Bay WWTE
2048,Fiesta Americana Vacations WWTE
2049,Barcelo
2050,marriottvacationclub
2051,Kingsgate
2052,Beaches
2053,Hotels.com - WWTE
2054,Marc Resorts WWTE
2055,Six Continents InterContinental Hotels (IHG) PMI
2056,Gold Nugget Hotels WWTE
2057,Pueblo Bonito Hotels & Resorts WWTE
2058,Choice Hotels - PMI
2059,Hilton Garden Inn
2060,Marriott - PMI
2061,Las Brisas WWTE
2062,Thistle Hotels WWTE
2063,Copamarina WWTE
2064,Wyndham Worldwide Corporation (Cendant) PMI
2065,Hoteles Solaris WWTE
2066,Amsterdam Manor Beach Resort WWTE
2067,Quintus Resorts WWTE
2068,Oceans Resorts
2069,Eldorado Hotel and Casino WWTE
2070,Alamo City Hotels WWTE
2071,Magnolia Hotels
2072,Historic Hotels WWTE
2073,Accor Hotels
2074,Extended Stay America
2075,WWTE West Coast Hospitality Association
2076,Caribe Royale WWTE
2077,The Angelus Resort & Spa WWTE
2078,Hawthorn Suites Riverwalk WWTE
2079,Hotel Lawrence WWTE
2080,Iberville Suites WWTE
2081,Lancaster Hotel WWTE
2082,MVC Eagle Beach WWTE
2083,Stoneleigh Hotel WWTE
2084,Joie De Vivre 
2085,WWTE Amsterdam Hospitality
2086,Classic Resorts WWTE
2087,International House WWTE
2088,Best Value Inns
2089,KSL Resorts
2090,Destination Hotels
2091,Ishin Hotels WWTE
2092,Hotel Fira. WWTE
2093,Marriott PMI 2-Courtyard Fairfield Residence Springhill Towneplace
2094,WWTE Wynn
2095,Noble House
2096,Hilton International - PMI
2097,Grand Rios-WWTE
2098,Ocean Resort-WWTE
2099,Queen Kapiolani-WWTE
2100,Destination Resorts Maui - WWTE
2101,MGM - WWTE
2102,MGM
2103,Walt Disney World Resort
2104,Disneyland Resort Paris
2105,Disneyland Resort
2106,Tokyo Disney Resort
2107,Hong Kong Disneyland
2108,Summerfield Suites
2109,Woodfield Suites
2110,Howard Johnson Express
2111,La Quinta Inns
2114,Wellesley Inn & Suites
2117,Holiday Inn Select
2118,Drury Inn & Suites
2119,Drury Lodge
2120,Drury Plaza Hotel
2121,Drury Suites
2122,Caesars
2123,Extended Stay Deluxe
2124,Pear Tree Inn
2125,Budget Host
2126,Chase Suites
2127,Aston Hotels
2128,Sunspree Resorts
2130,Four Seasons
2131,Gaylord Entertainment
2132,Prime Hotel
2133,Hotel Indigo
2134,Scottish Inn
2135,President Hotels WWTE
2136,BedandBreakfast.com
2137,Mercure
2138,Dorint
2139,Suite Novotel
2140,All Seasons
2141,Ibis
2142,Etap Hotel
2143,Formule 1
2144,Accor Thalassa 
2145,Accor Vancances
2146,Conrad
2149,Studio Plus
2150,Walt Disney World Resorts Other
2151,Woogo Hotels WWTE
2152,Langham Hotels - WWTE
2153,The Alex Hotel WWTE
2158,Grand Lodge WWTE
2159,Sand and Seaside WWTE
2160,Motel One
2161,Test Brand
2162,PMI Marriott East
2163,PMI Universal Studios Anaheim-Buena 
2164,Quality Suites
2165,Hawthorn Inn & Suites
2166,Koelnmesse WWTE
2167,Sandman Hotels
2168,Club Quarters
2169,Los Cabos 0906
2170,Coco Resorts WWTE
2171,Test Brand Carie
2172,JW Marriott 
2173,Marriott Executive Apartments
2174,Montpelier Inn - WWTE
2175,Condos at Coral Gardens WWTE
2176,Travel Inn WWTE
2177,South Padre Hotels - WWTE
2178,Morgans Hotel Group
2179,Bulgari Hotels & Resorts
2180,Campanile
2181,Concorde
2182,Derag Livinghotels
2183,Kyriad
2184,Groupe Barriere
2185,Pacific International
2186,Premiere Classe
2187,Radisson Blu Edwardian
2188,Top Hotels
2189,Ottley's plantation inn
2190,Luxury Resorts
2191,Duta Resorts
2192,Hotel Monterey Group
2193,Coralia Club
2194,Waldorf Astoria
2195,Orbis
2196,Hankyu Dai Ichi Hotel Group
2197,Jin Jiang Hotels
2198,Baja Resorts - WWTE
2199,Hilton International
2200,Starwood other branded
2201,Rosen Hotels
2202,Good Nite Inns
2203,Great Wolf Lodge
2204,Bradford Homesuites
2205,Ayres Collection
2206,Saville Hotels and Resorts
2207,Amari
2208,Grand Coco Bay - WWTE
2209,Hyatt Place
2210,Lebua at State Tower
2211,Starwood APAC - PMI
2212,Britannia Hotels
2213,EuroBonus Hotels
2214,Avalon Resorts
2215,Palace Resorts
2216,Catalonia
2217,Eurostars Hotels
2218,H10 Hoteles
2219,Silken
2220,Hesperia
2221,AMResorts
2222,Othon Hotels - PMI
2223,Emporio Hotels & Resorts
2224,City Hotels
2225,Derby Hotels
2226,HCC
2227,Iberostar
2228,Non-Indian hotels
2229,Jarvis
2230,Ohana Hotels
2231,AC by Marriott
2232,Citymar
2233,Confortel
2234,Elba
2235,Expo Canarias
2236,Globalia
2237,Hace
2238,High Tech
2239,Hotasa
2240,Hoteles Center
2241,IFA Hotels
2242,Jale
2243,Monte
2244,Occidental
2245,Partner
2246,Quo
2247,Rafael
2248,Room Mate Hotels
2249,Santos
2250,Summa
2251,Vime
2252,Vincci
2253,Zenit
2254,Playa Senator
2255,Hospes
2256,Park Royal Hotels & Resorts
2257,Ritz-Carlton other branded
2258,Hotel Los Arcos - WWTE
2259,Lexington
2260,Bahamas.com - WWTE
2261,Tulip Inn
2262,Pullman Hotels and Resorts
2263,Andaz
2264,Choice Merchant
2265,EAP - Villa Group Resorts
2266,Suburban Extended Stay
2267,Appart'city
2268,Citea
2269,Appart'valley
2270,Citadines
2271,Ahotels
2272,Bonsai Hotels
2273,Hotansa
2274,Karibea Hotels
2275,New Hotels
2276,Oceania Hotels
2277,Oceanis Hotels
2278,JJW Hotels
2279,Aramark Parks & Destinations
2280,Coastal Hotels
2281,Gemstone Resorts
2282,Intrawest Corporation
2283,Viceroy Hotel Group
2284,Larkspur
2285,LodgeWorks
2286,Pacific Monarch Resorts
2287,Pacifica Host Hotels
2288,Pacifica Hotels
2289,Premier Resorts
2290,Richfield Hotels
2291,Sage Hospitality
2292,Stonebridge
2293,Evolution Hospitality
2294,Vail Resorts
2295,Warwick Managed
2296,Warwick Owned
2297,Aimbridge Hospitality
2298,Benchmark
2299,Crestline
2300,Davidson
2301,Hostmark Hospitality Group
2302,Kessler Collection
2303,Marcus Hotels & Resorts
2304,Park Management Group
2305,Remington
2306,Rosewood Hotels
2307,Sunstream Hotels
2308,aloft
2309,element
2310,Extended Stay America PMI
2311,Sunset Beach Resort Jamaica NA - WWTE
2312,Desire Los Cabos NA - WWTE
2313,Temptation Resort Spa Cancun NA - WWTE
2314,Blue Bay Club Cancun NA - WWTE
2315,Ramada ESR - PMI
2316,Howard Johnson ESR - PMI
2317,Travelodge ESR - PMI
2318,Baymont ESR - PMI
2319,Super 8 ESR - PMI
2320,Knights Inn ESR - PMI
2321,Wingate Inn ESR - PMI
2322,Wyndham ESR - PMI
2323,Days Inn ESR - PMI
2324,Starwood ESR - PMI
2325,Marriott ESR - PMI
2326,Carlson ESR - PMI
2327,Eviivo 
2328,La Quinta ESR - PMI
2329,Grange Hotels Group
2330,WWTE buffer brand
2331,WWTE buffer brand 1
2332,WWTE buffer brand 2
2333,WWTE buffer brand 3
2334,WWTE buffer brand 4
2335,WWTE buffer brand 5
2336,WWTE buffer brand 6
2337,WWTE buffer brand 7 
2338,WWTE buffer brand 8 
2339,WWTE buffer brand 9
2340,Dominican WWTE NA - WWTE
2341,Thon Hotels
2342,Fairmont Hotels ESR - PMI
2343,Casa de la Condesa Mexico City NA - WWTE
2344,Sheraton Buganvilias Resort Puerto Vallarta NA - WWTE
2345,Hotel Paradise Island Harbour WWTW NA - WWTE
2346,Paradisus
2347,Dorint Hotels & Resorts
2348,Ringhotels
2349,Cela
2350,CGH
2351,Eurogroup
2352,Goelia
2353,Grand bleu
2354,home business
2355,Hotels du Soleil
2356,Lagrange
2357,LVR
2358,M vacances
2359,Maison de biarritz
2360,Nemea
2361,Odalys Vacances
2362,P&V
2363,Pearl
2364,Residhome
2365,Sara
2366,Topotel
2367,VVF
2368,Hyattvacations Supechain
2369,Traders - PMI
2370,Stella Hospitality Group
2371,Ayre Hoteles
2372,Aqua Hotels
2373,Castle
2374,Classic Resorts
2375,Halekulani Corporation
2376,Hawaiian Hotels
2377,Marc Resorts
2378,Maui Condo and Home
2379,Oceanfront Realty
2380,Principle
2381,Seaside Hotels
2382,Shell Management
2383,Diamond Resorts
2384,Travelodge UK
2385,Marival Resort & Suites All-Inclusive 
2386,Casa Dorada Los Cabos Resort NA - WWTE
2387,Hippodrome Hotel NA - WWTE
2388,Ascend Collection
2389,Rezidor
2390,Wilshire Grand Los Angeles US - WWTE
2391,SPM Hotels and Resorts NA - WWTE
2392,Napili Kai Beach Resort NA - WWTE
2393,Jumeirah
2394,Boscolo Hotels
2395,Snowmass Village NA - WWTE
2396,Tamarack Townhouses NA - WWTE
2397,The Laurelwood NA - WWTE
2398,Interlude Condominiums NA - WWTE
2399,Terracehouse Condos NA - WWTE
2400,Stonebrige Inn NA - WWTE
2401,Sahara Hotel and Casino NA - WWTE
2402,Mountain Lodge at Telluride NA - WWTE
2403,Destination hotels and resorts Vail - WWTE
2404,Destination Hotels and Resorts Aspen - WWTE
2405,Nassau Palm Hotel - WWTE
2406,Flamingo Beach Resort - WWTE
2407,Decameron All Inclusive Hotels and Resorts - WWTE
2408,ResortQuest Maui Vacation & Home - WWTE
2409,Diamond Resorts - WWTE
2410,Corus Hotels
2411,Hilton Worldwide Resorts - WWTE
2412,Residhotel
2413,Four Queens Hotels and Casino - WWTE
2414,Execustay
2415,Recommended
2416,Asia Beds
2417,Adagio by Accor
2418,Aston Resorts
2419,Intercontinental Hotels Group - PMI
2420,The Doyle Collection
2421,CAMBRiA hotel & suites
2422,Crescent Hotels 
2423,Divi Resorts 
2424,Dolce Hotels and Resorts  
2425,Driftwood Hospitality 
2426,Festiva Resort 
2427,Capella Hotel Group
2428,Westgate Resorts 
2429,Boscolo Hotels - WWTE
2430,Kyriad Prestige
2431,Radisson Blu
2432,Sol
2433,Melia
2434,Gran Melia
2435,M Gallery
2436,Tuscany Suites & Casino - WWTE
2437,Mitchell Corp
2438,AOT
2439,Travel Guru
2440,Asian Trails Vietnam
2441,Asian Trails Thailand
2442,Asian Trails Cambodia
2443,Deithelm
2444,SEA Change Travel
2445,Holiday Inn Club Vacations
2446,Vista Vallarta Suites - WWTE
2447,Asian Trails Indonesia
2448,Starbay Resort - WWTE
2449,Red Bull Air Race Preferred Hotel - WWTE
2450,Karibea Hotels - WWTE
2451,Mango Bay Barbados - WWTE
2452,Station Casinos - WWTE
2453,Starwood Hotels and Resorts - Mexico - WWTE
2454,Aloft Element Four Points - PMI
2455,Me by Melia
2456,CBS - Thailand
2457,A&O Hostels 
2458,Royal Orchid
2459,Lemon Tree
2460,Ginger Hotels
2461,Sarovar Hotels
2462,The Park
2463,La Amada Hotel - WWTE
2464,Lopesan Hotels - WWTE
2465,Centerhotels
2466,Ramee Guestline
2467,Keahotels
2468,Reykjavik Hotels
2469,Oxford Hotels & Inns
2470,Las Vegas Sands
2471,Madame Vacances 
2472,Grand Cayman Beach Suites - WWTE
2473,Sun N Sand
2474,Hotusa
2475,Q - Hotels
2476,Leonardo Hotels
2477,El Cortez Hotel and Casino - WWTE
2478,Villas Caribe
2479,Destination Marketing Fund - PMI
2480,Swiss Quality Hotels
2481,LXR - PMI
2482,The Residence
2483,S�jours et Affaires
2484,Mandakini Hotels
2485,Parkland Hotels
2486,Presidente Intercontinental Hotels and Resorts - WWTE
2487,Sunstar Hotels
2488,VVF Vacances
2489,Bensaude Hotels
2490,Pestana Group
2491,Dom Pedro Hotels
2492,Tivoli Hotels
2493,Vila Gale Hotels
2494,Luna Hoteis
2495,HotelPartner
2496,Fitzgeralds Las Vegas - WWTE
2497,"Pacific Beach Hotel, Waikiki -WWTE"
2498,Innside
2499,Belambra
2500,Lindner Hotels
2501,Cap Vacances
2502,Classic British Hotels
2503,Binion's Gambling Hall & Hotel - WWTE
2504,Peninsula Island Resort & Spa - WWTE
2505,Wyndham Hotels and Resorts - PMI
2506,Travel Portland - PMI
2507,Copthorne
2509,Banyan Tree
2510,Rusticae 
2511,Kukreja Group of Hotels
2512,Fiesta Hotel Group
2513,Hilton Grand Vacations
2514,Ilikai Hotel & Suites - WWTE
2515,Park Shore Waikiki an Aqua Hotel - WWTE
2516,Hotel Wailea Maui - WWTE
2517,Aramark Hotels
2518,Radisson WWTE Super Chain - WWTE
2519,Las Palmas Resort - WWTE
2520,BermudaTourism.com - WWTE
2521,Keys Hotels
2522,Kamath Hotels 
2523,Pride Hotels
2524,Citrus Hotels
2526,SuperClubs
2527,Abad Hotels
2528,Grand Isle Resort & Spa - WWTE
2529,Guoman Hotels
2530,Park & Suites Group
2531,Grand Solmar Hotels & Resorts - WWTE
2532,Missoni Hotels
2533,Autograph Collection Hotels & Resorts
2534,EDITION
2535,El Cid Resorts - WWTE
2536,Almond Resorts
2537,Elite Island Resorts
2538,Coral Hotels & Resorts 
2539,Encanto Resorts - WWTE
2540,Serena Residences - WWTE
2541,Sandcastles Beach Resort Ocho Rios - WWTE
2542,Comfort Inn Oceanfront - WWTE
2543,Hyatt Place Las Vegas - WWTE
2544,Beacon Hotel South Beach - WWTE
2545,Embarcadero Pacifico All Inclusive Resort - WWTE
2546,Seattle Super Savers - WWTE
2547,El Cozumeleno Beach Resort - WWTE
2548,K & K Hotels
2549,Aqua Hotels - WWTE
2550,Somerset
2551,Ascott
2552,CRH - Condominium Rentals Hawaii
2553,Thrifty Inn
2554,Waikiki Sand Villa - WWTE
2555,Ginger Lily - WWTE
2556,Crane Residential Resort - WWTE
2557,Protea
2558,Amrath Hotels
2559,Comitas Hoteles
2560,Consolidated Resorts Management - Soleil Management
2561,Southern Palms Hotel - WWTE
2562,Don Pelayo Suites - WWTE
2563,Ambassador Hotel Amarillo - WWTE
2564,Royal Villas Resort - WWTE
2565,Oxford Suites
2566,Jamaica Hotels - WWTE
2567,Shell Vacations Hospitality - WWTE
2568,Couples Resorts
2569,Fosshotels
2570,Kea Hotels
2571,Waikiki Resort - WWTE
2572,Valentin Imperial Maya - WWTE
2573,Sky Hotels & Resorts - WWTE
2574,Temptation Los Cabos - WWTE
2575,Aldea Thai Resort - WWTE
2576,Mistik Residence Club - WWTE
2577,Bahia Principe
2578,RIU Hotels
2579,Welcom Heritage
2580,Kerzner Bahamas
2581,AmeriTel Inns
2582,Puerto Rico Hotel & Tourism Association-WWTE
2583,Our Lucaya Beach & Golf Resort - WWTE
2584,Insotel
2585,Langham Hotels
2586,Vivanta by Taj
2587,The LaLit
2588,Fortune Hotels
2589,Trident Hotels
2590,Aqua Aloha Surf & Spa - WWTE
2591,Aqua Bamboo & Spa - WWTE
2592,Aqua Palms & Spa - WWTE
2593,Aqua Waikiki Wave - WWTE
2594,Maile Sky Court - WWTE
2595,The Gateway Hotels
2596,HRH Group
2597,Menzies Hotels
2598,Le Blanc Spa Resort - WWTE
2599,JW Marriott
2600,Marriott Breakfast for 2 Promotion - PMI
2601,Marriott Courtyard Promo - PMI
2602,Velas Vallarta Suites - WWTE
2603,Casa Velas Hotel Boutique & Beach Club - WWTE
2605,Elegant Hotels
2606,Hyatt Place/Hyatt Summerfield Suites - PMI
2607,Hard Rock Hotel & Casino Punta Cana - WWTE
2608,Home2 Suites by Hilton
2609,Choice Charlotte Promo - PMI
2610,Choice Dallas Promo - PMI
2611,Choice Durham Promo - PMI
2612,Choice Ft Worth Promo - PMI
2613,Choice Nashville Promo - PMI
2614,Choice New York Promo - PMI
2615,Choice Newark Promo - PMI
2616,Choice Oakland Promo - PMI
2617,Choice Phoenix Promo - PMI
2618,Choice Raleigh Promo - PMI
2619,Choice San Francisco Promo - PMI
2620,Choice San Jose Promo - PMI
2621,Choice Promo - PMI
2622,San Diego City Properties - PMI
2623,Sarova Hotels
2624,Paradores
2625,TRH Hoteles
2626,Hilton Worldwide - PMI
2627,RIU Hotel & Resorts - WWTE
2628,APA Hotels
2629,Daiwa Roynet Hotels
2630,Choice Promo December - PMI
2631,Travel Portland TMD hotels - PMI
2632,Hilton Americas Promo - PMI
2634,Caesars Entertainment
2635,Choice Q1 Promo - PMI
2636,First Hotels
2637,Macdonald Hotels
2638,Coral Cay - WWTE
2639,Hawthorne Suites Lake Buena Vista - WWTE
2640,Hawthorn Suites Universal Orlando - WWTE
2641,Lake Buena Vista Resort - WWTE
2642,Hawaiian Inn - WWTE
2643,Palisades Resort - WWTE
2644,Enclave Hotel - WWTE
2645,Ventanas Hotel & Residences - WWTE
2646,Affinia
2647,W Retreat & Spa - WWTE
2648,Red Fox Hotels
2649,CS Hotels
2650,Magnuson Hotels
2651,Choice Value Add-PMI
2652,Adina
2653,Breakfree
2654,Citigate
2655,Mantra
2656,Medina
2657,Peppers
2658,Quay Grand
2659,Quay West
2660,Sea Temple
2661,Sebel
2662,Travelodge Australia
2663,Vibe
2664,Bluegreen Vacations
2665,Marriott Select Service - PMI
2666,Oaks
2667,Meriton
2668,Mirvac
2669,Starwood EAME - PMI
2670,Motel 168
2671,ChoiceGasCard - PMI
2672,Starwood Canada Day Sale - PMI
2673,Village Hotels
2674,Rocco Forte
2675,Tune Hotels
2676,Abba Hotels
2677,JW/MHR Summer Promo 2011 - PMI
2678,All Choice - PMI
2679,Larkspur Landing
2680,SANA Hotels
2681,Rotana 
2682,Marriott ALL- PMI
2683,Antipodes
2684,Bluegreen Resorts
2685,Walt Disney Hawaii
2686,W Q4 2011
2687,Adagio Access
2688,Six Senses Resorts & Spas
2689,Anantara
2690,Soneva
2691,Fraser
2692,Balladins
2693,Inter-Hotel
2694,Budgetel
2695,3 Palms
2696,Machefert Hotels Collection
2697,Relais de Paris 
2698,Wynn Resorts
2699,Marque
2700,Rendezvous
2701,Actahotels
2702,Real Hotels Portugal
2703,Macia Hoteles
2704,Ibis Styles
2705,Fuerte Hotels
2706,Hoteles M.A.
2707,Brit Hotels
2708,Disney Hong Kong
2709,Phoenicia Hotels & Resorts
2710,Sterling Resorts
2711,Relais & Chateaux
2712,Bartell Hotels
2713,Formule 1
2714,Pousadas de Portugal
2715,Group Multiband Europe - PMI
2716,Group Multiband US - PMI
2717,Station Casinos
2718,Boyd Gaming
2719,Inturjoven
2720,HYATT house
2721,Magic Costa Blanca
2722,Servigroup
2723,Hoteles RH
2724,"Aspen Hotels, Buenes Aires"
2725,Othon Palace
2726,GrandStay
2727,Jetwing Hotels
2728,Don Juan Hotels
2729,San Diego TMD North - PMI
2730,KTDC Hotels & Resort
2731,Royal Hotels
2732,Grupo Brisas
2733,Bliston Hotels
2734,Sea Hotels
2735,Cerise
2736,The Smith Pub Group
2737,Guitart Hotels 
2738,Angsana
2739,Les Collectionneurs
2740,Hoteles Estelar 
2741,Esprit de France
2742,Cialcotel
2743,Leopold Hotels
2744,Meininger
2745,Danat Hotels & Resorts
2746,Dema Hotels
2747,City Garden Hotel Group
2748,Nobile Hoteis
2749,Atlantica Hotels
2750,Go Inn
2751,"Legacy Hotels and Resorts, Southern Africa"
2752,Allia Hotels
2753,Celuisma Hoteles
2754,Doyle Collection
2755,Hoteles Globales
2756,Roc Hotels
2757,Sercotel Hotels
2758,Global Hotels & Resorts
2759,Mondo Hotels
2760,Elite Hotels of Sweden
2761,Profil Hotels
2762,Universal Resorts
2763,LA-Profil Hotels
2764,LA-First Hotels AS
2765,Second Home
2766,Solaris Hotels 
2767,Summit Hotels & Resorts
2768,Sky Backpackers
2769,Al Hotels
2770,Waterfront Hotels & Casinos
2771,Dedeman Hotels & Resorts International
2772,Value Hotels
2774,Pyramid Hotels
2775,Estanplaza
2776,"Libertador Hotels, Resorts & Spas"
2777,Zanhotel
2778,Arp Hansen
2779,Decameron Hotels
2780,Paloma Hotels
2781,Prestige Hotels
2782,Dorchester Collection
2783,Elite Hotels
2784,Idea Hotels
2785,Rixos Hotels
2786,Monrif Hotels
2787,Empire Hotel Group
2788,Promenade Apart-Hot�is
2789,Metro Hospitality Group
2790,Santika Group
2791,Hampshire Hotels
2792,Corinthia Hotels
2793,Citotel
2794,GHL Hotels
2795,Starhotels
2796,B&B Hotels
2797,Ballantrae Hotels
2798,Maldron Hotel Group 
2799,Alliance Alberghi
2800,Acqua Marcia Group
2801,Hoteles Dann
2802,Evenia Hotels
2803,Kosmopolito Hotels International
2804,Cairn Hotel Group
2805,Harbour Plaza Hotels & Resorts
2806,Veranda Leisure and Hospitality
2807,Sino Group of Hotels
2808,LUX Island Resorts
2809,LK Hotel Group
2810,Sunshine Hotels & Resorts
2811,Axel Hotels
2812,Rhombus International Hotels Group
2813,Porto Bay Hotels & Resorts
2814,Rex Resorts
2815,Sunway Hotel & Apartments
2816,SH Hotels
2817,Gargallo Hotels
2818,Best Hotels
2819,Charme & Relax
2820,PortAventura
2821,Omena Hotels 
2822,GCH Hotel Group
2823,Van der Valk Hotels
2824,Bastion Hotels
2825,Onahotels
2826,HAAG Hotels
2827,Ibis Budget
2828,Motif Leisure 
2829,Al Diar Hotels
2830,Beachcomber Hotels
2831,Starway Hotels
2832,Green Tree Inns
2833,Jinjiang Inn
2834,Qualys-Hotel
2835,P'tit Dej-Hotel
2836,Mei Jeu
2837,SPM Resorts
2838,Grand Mercure
2839,Night Hotels
2840,Mision
2841,El Cid
2842,Legacy Hotels
2843,Puma Hotels
2844,eLong
2845,Mona Lisa
2846,Bewleys
2847,Blue Diamond Resorts
2848,SORAT Hotels Deutschland
2849,Dormero
2850,Novum Group Hotels
2851,Vinuales
2852,Nordic Hotels
2853,Pentahotels
2854,Carlton Hotel Collection
2855,Sandton Hotels
2856,Sorell Hotels
2857,Azimut Hotels
2858,Village Center
2859,HDM - name change exception
2860,Attitude
2861,Dan Hotels Israel
2862,Aramark Conference Centers
2863,Warwick Affiliate
2864,Fattal
2865,V3 ANZ Hotels 
2866,Welcome Hotels Germany
2867,Travel Charme Hotels
2868,Arcona Hotels
2869,Seetel Hotels
2870,TUI Hotels and Resorts
2871,Upstalsboom Hotels 
2872,Future Inns Hotels
2873,Clifton Hotels
2874,Crossland Economy Studios
2875,Max Estates Ltd.
2876,Excellence Resorts
2877,Beloved Hotels
2878,Trump International
2879,HTop Hotels
2880,VIP Hotels
2881,Vienna International Hotels 
2882,One&Only Resorts
2883,DJH Germany
2884,Nippon Travel Agency
2885,Magnuson Managed
2886,Hallmark Hotels
2887,Kross Hotels
2888,Hilton Properties Worldwide MESO - PMI
2889,Patton Hospitality Management
2890,BBB Hotels
2891,B&B Ireland
2892,BBB2 Hotels
2893,TRYP by Wyndham
2894,Akkeron Hotels
2895,Eviivo RMS Hotels
2896,Principal
2897,Greene King
2898,Ace Hotel
2899,Escapade Parisienne
2900,Honotel
2901,Handpicked Hotels
2902,Emeraude Paris
2903,Art Hotels Paris
2904,Maurice Hurand Group
2905,Elegancia
2906,Baverez
2907,Corruble
2908,Cantet
2909,Regetel
2910,Value Place
2911,Leisure Link
2912,Young's Hotels
2913,Maybourne
2914,Red Carnation
2915,Premier Inn
2916,London Premier
2917,CitizenM Hotels
2918,Firmdale
2919,Apex Hotels
2920,HDM - Not a Duplicate
2921,Grand Chifley
2922,Chifley
2923,Country Comfort
2924,Sundowner Motor Inns
2925,Silverneedle Collection
2926,Australis Resorts
2927,Hot-el-Apartments
2928,Next Story Group
2929,Logis International Services
2930,Astotel
2931,EVEN Hotels
2933,Relais du Silence
2934,Sun International
2935,ALH Group
2936,Bespoke
2937,Crerar
2938,Strathmore Hotels
2939,Club Mahindra
2940,Icelandair Hotels
2941,Hotel Edda
2942,aha Hotels and Lodges
2943,Peermont
2944,Victor's
2945,PREM Group UK
2946,PREM Group Ireland
2948,Sterling Holidays
2949,Malmaison
2950,Sleeperz Hotels
2951,Hotel Du Vin & Bistro
2953,Woo Travelling
2954,Choice 1 - PMI
2955,Starwood 1 - PMI
2956,The Edinburgh Collection
2957,La-Sheperd Neame
2958,Exe Hotels
2959,Fullers Inns
2960,Mamaison Hotels & Residences
2961,St Giles
2962,Ol� Hotels
2963,Small Luxury Hotels
2964,Kyukamura
2965,Fujita Kanko
2966,Keihan
2967,Hokke Club
2968,Ishin
2969,Khaosan
2970,Kyoritsu maintenance
2971,Livemax
2972,Solare
2973,Sotetsu
2974,Villa Fontaine
2975,Luxury Family Hotels
2976,Kerzner Resorts EMEA
2977,Sun Resorts
2978,De Vere
2979,Oasis Hotels & Resorts
2980,Maldron Partner Hotels
2981,Capsule and Sauna Century Group
2982,ECM
2983,Flora Hospitality
2984,Four Pillars
2985,Quorvus
2986,Club Leisure
2987,Aitken Spence
2988,Gold Inn
2989,St James's Hotel
2990,MOXY
2991,Crown & Champa Resorts Maldives
2992,Apollo Hotels & Resorts
2993,City Lodge
2994,Hipotels
2995,Z Hotels
2996,Yotel
2997,Euro Hotels
2998,The Hotel Collection
2999,FlexStay Hotel Management
3000,Curio Collection
3001,Manor House Hotels
3002,HMC Hotels
3003,Vacanceole
3004,Imperial London Hotels
3005,Inwood Hotels
3006,Ramee Hotels Bahrain
3007,Thompson Hotels
3008,Elaf Hotels
3009,Boudl Hotels & Resorts
3010,ABode hotels
3011,Elite Hotels Bahrain
3012,Makarem Hospitality Group
3013,Jumbo Tours
3014,SLS
3015,Amazing Venues
3016,Quest Serviced Apartments
3017,Go Native
3018,Goa Tourism Development Corporation 
3019,Nordic Choice - Clarion
3020,Nordic Choice - Comfort Inn
3021,Nordic Choice - Quality
3022,Nordic Choice - Ascend Collection
3023,Nordic Choice - Nordic Resort
3024,Cinnamon Hotels & Resorts
3025,Centro Hotels
3026,Cruise Inn
3027,Equity Lifestyle
3028,Road Lodge
3029,Town Lodge
3030,Courtyard - City Lodge
3031,Mosaic Collection
3032,OZO
3033,Shama
3034,The Redbury
3035,SBE Hotel Group
3036,Constance Hotels & Resorts
3037,Centara
3038,Travdo
3039,AHORN Hotels & Resorts
3040,Heritage Hotels & Resorts
3041,Quest Archipelago
3042,Kamuela
3043,Hotel NEO
3044,Harper
3045,Favehotel
3046,Aston Archipelago
3047,Alana
3048,Hersha Hospitality
3049,Partouche
3050,Moran Hotel Group
3051,Belmond
3052,Exclusive Hotels and Venues
3053,Fountain Court Apartments
3054,Paris LA Forest Hill
3055,Brooks Hotels
3056,Generator
3057,Journeys
3058,Great National Hotels
3059,Seymour Hotels
3060,Umi Hotels
3061,McQuade Group
3062,Staycity Serviced Apartments
3063,The Spires Serviced Suites
3064,FJB
3065,Quantum Hotel Group
3066,Oceana Hotels
3067,BHG Budget Hotel Group
3068,Dolan Hotels
3069,Channel Hotels
3070,Modern Hotels
3071,Thwaites Hotel Group
3072,O'Callaghan
3073,Morvan Hotels
3074,Irish Country Hotels
3075,Travelodge Ireland
3076,Westmont Extended Stay
3077,Clare Coast Hotels
3078,Al Janadriyah Hotels
3079,Bilderberg
3080,De Groote Hotels
3081,Express Inn by Great National
3082,Regency Hotels UK
3083,Regency Hotels Dubai
3084,SIXTY Hotels
3085,Saba Group
3086,Gidleigh Collection
3087,Dream Ireland Holiday Homes
3088,easyHotel
3089,T�n�o Hotels
3090,Hostelling International
3091,Mer & Golf
3092,Privil�ge Toulouse
3093,Thalazur France
3094,Blanco
3095,Bornarel
3096,Brandt
3097,Atlanthal
3098,All Suites France
3099,Center Parcs
3100,NN Hotels
3101,Majestic Hotel Group
3102,Dusit hotels
3103,JA Hotels
3104,Emaar
3105,TLH Leisure resort
3106,OYO Rooms
3107,Ramee Hotels
3108,"Newmark Hotels, Reserves & Lodges"
3109,Village & Life
3110,Lion Roars Hotels & Lodges
3111,Hunter Hotels
3112,Shamwari Group
3113,Home from Home Hospitality
3114,Freetobook
3115,Altis Hotels
3116,Fletcher
3117,Beekman Group
3118,The Richardson Group
3119,HUALUXE
3120,Hotels & Preference
3121,Roi Soleil
3122,Orion Hotel Group
3123,African Synergy
3124,Tifco Hotel Group 
3125,QT
3126,Art Series
3127,Connections Tourism Management Mauritius
3128,Cresta Hotels
3129,AVANI Hotels & Resorts
3130,Luxury More Hotels
3131,Premier Hotels and Resorts
3132,onefinestay
3133,BB Italia
3134,Wyndham Vacation Ownership
3135,Fortune Group of Hotels
3136,Souq Waqif Boutique Hotels
3137,Mister Bed
3138,Compagnie Hoteli�re de Bagatelle
3139,Gooderson Hotel Group
3140,Faircity Hotel Group
3141,ExtraOrdinary Hotel Group
3142,Medplaya
3143,Classic Lodges
3144,Starwood Capital
3145,Mercer Collection
3146,Premier Inn International
3147,Thornybush Collection
3148,White Palace Hotels Saudi
3149,Casablanca Hotels Saudi
3150,Al Rawda Hotels
3151,Good Night Inns
3152,Lapland Hotels
3153,Stay Apartments
3154,Palladium
3155,Lopesan Hotels & Resorts
3156,GLH Hotels
3157,African Sun Hotels
3158,Rainbow Tourism Group
3160,TD Hotels
3161,SAN Parks
3162,Sanctuary retreats
3163,Sea Group
3164,JHS Hotels
3165,Rehana Hotels
3166,Porto Hotels
3167,Wakan Hotels Saudi
3168,HomeAway
3169,Mawasim Apartments Saudi
3170,Marins Park Hotels
3171,Qawafel A Tofik
3172,Kuwait Continental Hotels
3173,Danubius Hotels
3174,Cheval Apartment
3175,St Cristopher's Inn
3176,Hayat Najran
3177,Nox Rentals
3178,Hyde Park Hotels
3179,Mstay
3180,Wyndham Extra Holidays
3181,GBTT
3182,AAA
3183,Indigo Group
3184,Horizon
3185,Q Home
3186,Warner Leisure Hotels
3187,Bay Hotels
3188,Brend Hotels
3189,Top Tourist Parks
3190,Auris
3191,Aman Resorts
3192,Najeti
3193,RL
3194,Maranatha
3195,South Kohala Management
3196,BlueBay Resorts
3197,Design Hotels
3198,Redwings Lodge
3199,Living Rooms
3200,Irish Court Hotels
3201,Highgate Independent
3202,Retaj Hotels
3204,Choice Global Parent - MeSo
3205,Wyndham Global Parent - MeSo
3206,Hilton Global Parent - MeSo
3207,Sansi
3208,SSA Apartments
3209,AinB Apartments
3210,BCN Urban
3211,Atiram Hotels
3212,Madanis
3213,Aspasios Apartments
3214,Splendom
3215,Happy People
3216,Feelathome Apartments
3217,BillyPDS
3218,SB Hotels
3219,Selenta Group
3220,Sidorme
3221,Olivia Hotels
3222,Eric V�kel Apartments
3223,MH Apartments
3224,APTBCN
3225,Pillow
3226,Sunotel
3227,Bas Apartments
3228,Citytrip
3229,Nextdoor
3230,Gold Chain
3231,Red Planet
3232,Prima Hotels
3233,Marriott Global Parent - MeSo
3234,YHA
3235,Villa Hotels
3236,Mayfair Inns Ltd
3237,Le Royal Hotels
3238,Sun Hotels
3239,Zvieli Hotels
3240,Xclusive Group
3241,Red Roof Owned
3242,Pearl Hotel Management Group
3243,SYHA Hostelling Scotland
3244,STI Morocco
3245,Erev Tunisia
3246,UTS Tunisia
3247,Eviivo Tunisia
3248,Nouvelles Fronti�res Senegal
3249,Intertour Cameroun
3250,IDH Algerie
3251,SGE Hotels
3252,Commune Hotels
3253,SACO Serviced Apartments
3254,Fortune Group
3255,SouthofAfrica
3256,Restel
3257,Aurora Hotel Collection
3258,Best Western US & Canada  - Meso
3259,PubLove
3260,City Marque
3261,Damac properties
3262,Hospitality Plus Travel
3263,DG Hotels
3264,Apstartours
3265,Orea Hotels
3266,Gambiatours
3267,Fullservices
3268,Red Sea Hotels
3269,Sunrise
3270,Pickalbatros
3271,Orascom
3272,Three Corners
3273,Smart Selection Hotels
3274,El Mouradi Hotels
3276,Dessole Resorts & Hotels
3277,Swiss Inn
3278,Pyramisa
3279,Domina
3280,Princess
3281,Settle Inns & Suites
3282,The Hoxton Hotels
3283,ezDing
3284,Isrotel Hotels
3285,O-live BB
3286,Seasons in Africa
3287,Rimonim Hotels
3288,Arcadia Hotels Israel
3289,C-Hotels Israel
3290,Astral Hotels Israel
3291,Tamares Hotels
3292,Atlas Hotels Israel
3293,Prima Hotels Israel
3294,Vintage Africa
3295,Perlflag Hotel Group
3296,Longleat Group Hotels
3297,Dorsett
3298,d.Collection
3299,Silka Hotels
3300,Choice Canada - MESO
3301,TTS Group
3302,Atlas Hospitality
3303,Kenzi Hotels
3304,Palmeraie Resort
3305,Hotels & Resorts of Morrocco
3306,Seabel Hotels Tunisia
3307,Houda Hotels
3308,Thalassa Hotels Tunisia
3309,Les Orangers Group
3310,Principle Haley Hotels
3311,Daiwa Royal Hotels
3312,Relax Innz
3314,Hi Hotels
3315,Altamar Hotels
3316,Atlantis Hotels & Resorts
3317,Dunas Hotels
3318,Grupo MUR
3319,HV Hotels
3320,Paradise Hotels
3321,Servatur Hoteles
3322,The Warm Side
3323,VIP Hoteles
3325,SBH Hotels
3326,Cordial Hoteles
3327,Gloria Palace Hotels
3328,Princess Hotels
3329,Bonavista Apartments
3330,Riversun Touristic
3331,Argoconsulting Canarias
3332,THe Hotels
3333,Meeting Point
3334,Azuline Hotels
3335,Grupo Playasol
3336,Sirenis Hotels & Resorts
3337,Traiwan
3338,PortBlue
3339,Cotswold Inns & Hotels
3340,Lion Travel
3341,Invisa Hoteles
3342,Artiem Hotels
3343,Accor Global Parent - MeSo
3344,Veeve
3345,Amba Hotels
3346,Achat
3347,Atlantico Hoteis
3348,BHG Hoteis Brazil Hospitality Group
3349,Bittar
3350,Blue Tree Hoteis
3351,Blue Tree Park
3352,Blue Tree Premium
3353,Blue Tree Towers
3354,Bourbon
3355,by Nobile
3356,Deville
3357,Harbor Budget
3358,Harbor Hoteis
3359,Harbor Inn
3360,Harbor Self
3361,Intercity
3362,Intercity Premium
3363,Nacional Inn
3364,Nobile Inn
3365,Nobile Resort
3366,Nobile Suites
3367,Othon Classic
3368,Othon Pousadas
3369,Othon Suites
3370,Pousadas Caju
3371,Royal Tulip
3372,San Juan Hoteis
3373,Slaviero Conceptual
3374,Slaviero Executive
3375,Slaviero Fast Sleep
3376,Slaviero Hoteis
3377,Slaviero Slim
3378,Slaviero Suites
3379,Transamerica Classic
3380,Transamerica Executive
3381,Transamerica Prestige
3382,Transamerica Prime
3383,Windsor Hoteis
3384,Lion Hotels Ltd
3385,Waldorf Apartment Hotels - Australia
3386,Waldorf Apartment Hotels - New Zealand
3387,K�mp Collection
3388,Intelligent Revenue Management
3389,Oakman Inns & Restaurants
3390,Surya Hotels Ltd
3391,Thaz Italia
3392,Dylan Apartments
3393,Petit Palace
3394,St Austell
3395,Snoozebox
3396,OYO Rooms - MeSo
3397,The Coaching Inn Group
3398,Comwell
3399,Danske Hoteller
3400,Cabinn Hotels
3401,Zleep Hotels
3402,Zenitude
3403,InnLink - Direct
3404,InnLink - ORS
3405,JA Resorts - MeSo
3406,Marlin Apartments
3407,Enjoy Resorts
3408,Dayz Resorts
3409,Sinatur Hotels
3410,Dancamps
3411,Bridgestreet
3412,Danske Slotshoteller
3413,Robinson Club
3414,Sandos Hotels and Resorts - MESO
3415,Onix Hotels
3416,Eaton Hotel
3417,Langham Place
3418,The Langham
3419,Agate Reality Co
3420,Bannatyne
3421,Marriott Weekend Self - MeSo
3423,LA-YMEXT
3424,Mer Montagne Vacances
3425,Just Sleep 
3426,Silks Place 
3427,Tsogo Sun
3428,SEH Hotels
3429,Valtur
3430,Atahotels
3431,Ibersol
3432,Kechbooking
3433,Mogador Hotels & Resorts
3434,Roussill Hotel
3435,Monarque Hotels
3436,MS Hoteles
3437,Unite Students
3438,Sandos & Marconfort
3439,Quay Holidays
3440,Agellus Hotels 
3441,ITC Hotels
3442,Forenom
3443,Melia Hotels Global Parent - MeSo
3444,Melia Hotels Mexico - MeSo
3445,Piti Apartments
3446,EVC Resorts
3447,Balladins.
3448,My Hotels 
3449,London Victoria Estates Ltd
3450,Malhotra Group
3451,The So Apartments
3452,The PE Hotel Group
3453,Accor - Winter 2015 - Australia - Global Parent - MeSo
3454,Accor - Winter 2015 - USA - Global Parent - MeSo
3455,Cobbs Hotels
3456,Travelodge Hotels - Meso
3457,1834 Hotels
3458,Marriott Conference Centre
3459,Holiday Club
3460,Mere Poulard
3461,SIP Group Ltd
3462,Indochina Services ICS
3463,H-Hotels
3464,Virtue Apartments
3465,Labranda Hotels & Resorts
3466,Best Western LATAM - MESO
3467,Best Western AU - MESO
3468,Lemon Hotels
3469,Egg Hotels
3470,CDH
3471,MS-dest-Belize - MESO
3472,VIVA Belize - MESO
3473,InterCityHotels
3474,Mazatlan Tres Islas Hotel Association - MESO
3475,Royal Resorts Hotels Global Parent - MeSo 
3476,Wyndham Global Parent - MESO
3477,Easy Travel
3478,Paradisus - MESO
3479,Be Live Hotels - MESO
3480,N1 Hotels
3481,Treebo Hotels
3482,HDM - Duplicate Identified & Sent to FinOps
3483,HDM - Duplicate Deleted
3484,HDM - Visited
3485,CityBlue
3486,Nightsbridge
3487,TBA Hotels
3488,Marsol Hotels
3489,Bed4U
3490,Serena Hotels East Africa
3491,Sarova Hotels Kenya
3492,Heritage Hotels Kenya
3493,Asilia Africa
3494,Speke Group of Hotels
3495,PrideInn Hotels Kenya
3496,Atua Enkop
3497,Sun Africa Hotels
3498,MSA
3499,Wanda Realm
3500,Shepherd Neame
3501,Preferred Hotels & Resorts
3503,Andrew Brownsword Hotels
3504,Access London Ltd
3505,Accor - Paris 2015 - Global Parent - MeSo
3506,McGettigan Hotel Group
3507,Nouvelles Frontieres Senegal
3508,CN Wanda Vista
3509,Simpson Bay - MeSo
3510,Uber Apartments
3511,Best Western Korea - MeSo
3512,Best Western Japan - MeSo
3513,CN Wanda Reign
3514,Discovery Holiday Parks
3515,Caridon London Living
3516,Freedom Hotels
3517,Amic Hotels
3518,Be Live
3519,Blauhotels
3520,Blue sea hotels
3521,Cabot hotels
3522,Eix hotels
3523,Alegria hotels
3524,Garden hotels
3525,BH Mallorca
3526,Grupotel
3527,HM Hotels
3528,Hoposa
3529,HSM hotels
3530,Intertur
3531,Inturotel
3532,JS Hotels
3533,Mac hotels
3534,Mar hotels
3535,Ola Hotels
3536,Prinsotel
3537,Protur
3538,Seramar
3539,THB hotels
3540,Universal Hoteles
3541,Valentin hotels
3542,Viva hotels
3543,Th Resorts
3544,RedAwning
3545,25hours
3546,Dream Hotels & Resorts
3547,Ameron Hotels
3548,Althoff Hotels
3549,Atura
3550,Inn Keeper's Lodge
3551,Westcord Hotels
3552,CN Jinling Hotels
3553,New Century
3554,Apartment Wharf
3555,HotelOnline
3556,Danhostel
3557,CPH Hotels
3558,Atlantic Hotels
3559,Saint-Louis hotels
3560,Flying Butler
3561,Coast & Country
3562,Soleil Management
3563,LA TMD Hotels - MESO
3564,Vacation Resorts International
3565,Beach Mate Resorts
3567,Gondwana Collection
3568,Kremslehner
3569,Austria Trend
3570,CheckVienna
3571,Private Hotels
3572,Gerstner
3573,GoVienna
3574,SHS
3575,Centerstone
3576,Key West Inns
3577,"HDM - Will be deleted, waiting for bookings to pass"
3578,CN BGY
3579,Arenaturist
3580,WoodSpring Suites
3581,Marstons Inn
3582,Apple Apartments
3583,Leisure Hotels
3584,Berkshire Rooms
3585,The Capital Apartment Group
3586,Swiss-Belhotel
3587,Tribute Portfolio
3588,Pandox BE
3589,InnRoad
3590,COMO Hotels and Resorts
3591,Panama Co-op Copa & ATP - MESO
3592,Brilliant Barbados 50 - MESO
3593,House of Fisher
3594,Panhandle Getaways
3595,Costa Rica 2016 Co-op - MESO
3596,Asia Leisure Hotels
3597,Taru Villa Hotels
3598,Uga Hotels
3599,Anilana Hotels
3600,Laya Hotels
3601,Amaya Hotels
3602,Browns Hotels
3603,Serendib Hotels
3604,Tangerine Hotels
3605,Theme Resorts
3606,CHC Hotels
3607,Fort Hotels
3608,Senani Hotels
3609,Cinnamon City Hotels
3610,Barbados JMC Campaign - MESO
3611,Arc Avenue Hotels
3612,Provenance Hotels
3613,Staypineapple Hotels
3614,Perle di Puglia 
3615,Arcadia Germany
3616,Swiss-Belinn
3617,Swiss-Belboutique
3618,Grand Swiss-Belhotel
3619,Swiss-BelResidences
3620,Zest
3621,Swiss-BelResort
3622,Coral Hotels
3623,Peymans
3624,LA hotels - MESO
3625,Bondia Hotels
3626,Anetak consulting
3627,Daguisa Hotels
3628,HMG
3629,OD Hotels
3630,Pinnacle Entertainment
3631,Tropicana Entertainment
3632,Isle of Capri Casinos
3633,Penn National Gaming
3634,McEniff Hotel Group
3635,Sarova Hotels UK
3636,Pullen Realty
3637,Upham Pub Group
3638,Thwaites Inns of Character
3639,Legend Lodges
3640,Karongwe Portfolio
3641,Kapama
3642,Stella Di Mare
3643,Time Hotels
3644,Egyptian Armed Forces Hotels
3645,Logis International
3646,Saltwater Properties
3647,Accor - France 2016 - MESO
3648,Dakota Hotels
3649,Bull Hotels
3650,Weavers Tourism & Marketing
3651,Posarelli Villas
3652,Murwab Group
3653,La Siredrah
3654,Radisson RED
3655,Federalberghi Sorrento - MeSo
3656,JacTravel
3657,Mogador Marrakech
3658,Atlas Marrakech
3659,Be Live Canarias
3660,Grup Arb�
3661,GF Hoteles
3662,Turismark Hotels
3663,ResDest
3664,Lanzarote Accommodations
3665,Vacances Bleues
3666,Rentalmar
3667,Club Living
3668,Small Luxury Residence
3669,Bogota Hotels & Avianca JMC May-July - MESO
3671,Harbour Hotels
3672,Sunbird Malawi 
3673,City Edge
3674,RedDoorz
3675,Fairmont West - MESO
3676,ZenRooms
3677,Private Place Hotels & Resorts
3678,Pez Azul Group
3679,Turks & Caicos JMC 2016 - MESO
3680,Milling Hotels
3681,James Joyce Coffetel
3682,Puerto Plata Q2 JMC - MESO
3683,Hatton Collection
3684,Adonis Hotels & Residences
3685,HF Holidays
3686,Ciutat Hotels
3687,Grup Soteras
3688,Galleon Hotels
3689,OLS Hotels
3690,World 2 Meet
3691,Apartments of London
3692,EHPC
3693,Room Yield
3694,Accor Expedia UK - MESO
3695,Accor Expedia AU - MESO
3696,Accor Expedia JP - MESO
3697,Sint Maarten JMC - MESO
3698,Los Cabos JMC - MESO
3699,Puerto Vallarta JMC - MESO
3700,Grupo Reside
3701,Novara Hotels
3702,HDM - JT duplicate test - not a dupe
3703,Grupo Regina
3704,Smart Rooms
3705,The Streets Apartments
3706,Boutique B&B Barcelona
3707,BookingPal
3708,Leela Group
3709,Far East Hotels
3710,Far East Serviced Residences
3711,5footway
3712,AD Hospitality
3713,Amara Singapore
3714,Aqueen
3715,Clover
3716,Fernloft
3717,Fragrance Hotel
3718,Greenkiwi
3719,Hotel 81
3720,JL Asia
3721,Meritus
3722,Park Avenue
3723,Park Hotel Group
3724,Royal Plaza
3725,Rucksack Inn
3726,Santa Grand
3727,Unlisted Collections
3728,Wangz
3729,Flexistay
3731,FourSide Hotels
3732,Odalys City
3734,Namibian Wildlife Resorts
3735,Playas Lloret
3737,Gulf Hotels Group
3738,Thambapanni Hotels
3739,Cantaloupe Hotels
3740,Tisara Hotels
3741,Anantaya Resorts and Spas
3742,CN GDH International
3743,CN Gloria Plaza Hotels
3744,CN TANGLA
3745,ICS
3746,My Apartments
3747,CN City Inn
3748,CN Jian Guo Hotels
3749,CN Narada Hotels
3750,CN CTS
3751,CN HNA
3752,CN Ling nan
3753,CN OCT
3754,CN Metropark Hotel
3755,CN Empark
3756,CN Ji Hotel
3757,CN Elan Inn
3758,CN Hi Inn
3759,CN Yitel
3760,CN Pod Inns
3761,CN 7 days
3762,CN 99 Inn
3763,CN Hanting
3764,CN Homeinn
3765,Ben Immobilien
3766,Ilunion
3767,Ren Top Apartments
3768,Porta Hotels - MESO
3769,TMSM
3770,Evaco
3771,Barnes Mauritius
3772,Luxury Ocean Vacation
3773,Southern Cross Motel Group
3774,CoteSun Hotels
3775,Colorado Resorts
3776,eXsel Authentic Hotel
3777,ICMI
3778,VistaRooms
3779,2016 Q2 Santo Domingo JMC - MESO
3780,INGUAT AVIANCA & Guate Hotels Co-op - MESO
3781,ARRA Hotels
3782,Pub Rooms
3783,Hotels Plaza
3784,AiryRooms
3785,Wetherspoon
3786,Flair LTD Pakistan
3787,e� Hoteles
3788,Trujillo Castellanos
3789,VIK Hotels
3790,Oasis Fuerteventura
3791,Alila
3793,Chicago Athletic Association
3794,Bio Hotels
3795,GHT
3796,Sall�s Hotels 
3797,NidaRooms
3798,Dreamhouse Apartments
3799,Edinburgh First
3800,Coldwell Banker
3801,ACE hotel France
3802,YTL Hotels
3803,Berjaya Hotels & Resorts
3804,Genting Malaysia
3805,Hotel Sentral Management
3806,Sun & Beach Hotels
3807,Intelrm
3808,Allegro Italia Hotels
3809,Jaro
3810,KN hoteles
3811,UR Hotels
3812,Gran Isla Hotels
3813,Serrano Hotels
3814,HPL Hotels & Resorts
3815,JMC Punta Cana - MESO
3816,Dusit Thani
3817,Dusit D2
3818,Dusit Devarana
3819,Dusit Princess
3820,BQ Hoteles
3821,Palia Hotels
3822,ATPM
3823,MLL Hotels
3824,Palladium Group - MESO
3825,Grand Palladium - MESO
3826,Club Martha's Resorts
3827,Vacanzy Collection
3828,Can Cera Group
3829,Sweet Inn
3830,Alua Hotels
3831,Hotel Impossible IA
3832,Lancemore Group
3833,RF Hoteles
3834,GR Hotels
3835,BG Hotels
3836,Verser Hoteles
3837,Pabisa Hotels
3838,Mix Hotels
3839,Management Turistico
3840,Sensity Hotels
3841,Isla Hotels
3842,Olimar Hotels
3843,Houm Hotels
3844,Som Hotels
3845,Ferrer Hotels
3846,Delf�n Hotels
3847,A10 Hoteles
3848,AZ Hotels & Resorts
3849,FH Hotels
3850,Resorts World Sentosa
3851,Per Aquum
3852,Yello
3853,Longtail E-media
3854,Alcambarcelona
3855,Menorca Summer
3856,Confort Hoteles
3857,Le Relax Hotels
3858,Trimetys Hotels
3859,Inn lov
3860,Chic&Basic
3861,Onyx Hospitality Group
3862,Inside Apartments
3863,Zen Apartments
3864,Melbourne Short Stay
3865,Furnished Apartments
3866,BHG Residenciales
3867,Panama Q3 16 JMC - MeSo
3868,The Morgana Hotels
3869,Antonopoulos
3870,Vacasa Spain
3871,Budget Motels
3872,Orbit Inns
3873,Paragon Hotels
3874,Falkensteiner Hotels & Residences
3875,Hoteles Orme
3876,VCV Alquiler Turistico
3877,Typic Hotels
3878,Hoteles HPC DOR
3879,Room Yield Owned
3880,Room Yield Managed
3881,Faranda hoteles
3882,Palafox Hotels
3883,AV Hotels
3884,DG Hotels - M Vacances
3885,The Fern Hotels & Resorts
3886,Beacon Hotels & Resorts
3887,ThomasCook Mallorca
3888,Ecoibiza
3889,Vilcon Hotels
3890,Montra Hotels
3891,Blau Parc Hotels
3892,4R Hotels
3893,Grand Excelsior
3894,Portland Hotels
3895,Lalandia Resorts
3896,O & L Leisure
3897,Taleni Africa
3898,Smarthotel AS
3899,HotelOga
3900,BB-Hotels
3901,PUJ JMC Q1
3902,Costa Calpe
3903,Bennecke
3904,Muthu Hotels
3905,Villafinca
3906,Totalstay
3907,Bloomrooms
3908,iLodge
3909,Slimtrader
3910,ICS
3911,Gateway Lifestyle
3912,HotelOga CM
3913,Countrywide Hotels
3914,Naumi
3915,Stay Hotel
3916,YHA Australia
3917,Roda Group
3918,Thwaites Hotels and Spa's
3919,ADD Hoteles
3920,Rondas Hotels
3921,Ronda House
3922,Bencoolen
3923,Stay Barcelona
3924,A-Rosa
3925,Atrium Hotels
3926,Evade Hoteles
3927,Okko Hotels
3928,BreezBay
3929,Groupe Sibuet
3930,Jaz Collection 
3931,Elite Hotels UK 
3932,Tidan Group
3933,Doma Hotels
3934,Roundhouse Hotels
3935,Capital Hotel Group
3936,RVhotels
3937,Abode Apartments Hotels
3938,ZUZU Hotels
3939,Dimore
3940,Easy Reserve
3941,Designer Stay
3942,Paris Stay
3943,Flat Gestion
3944,Compass Hospitality
3945,Br�chner Hotels
3946,Accor Global brand ID - Meso
3947,Barcelonahotel.com
3948,Eizasa Hoteles
3949,Urban Hip Hotels
3950,Alexandre Hotels and Utopia Spas
3951,South Coast Inns
3952,London Plaza
3953,AC Hospitality Management
3954,Nuve 
3955,Park 22
3956,Pillows
3957,GLo
3958,Vib
3959,SureStay
3960,Oetker Collection
3961,j�STa Hotels 
3962,PA Apartments
3963,AKENA hotels
3964,Mozart Hotel Group
3965,Quick Palace
3966,Dreamplace Hotels
3967,Best Western Plus
3968,Best Western Premier
3969,Best Western Premier Collection
3970,Executive Residency
3971,Manorview Hotels
3972,Champneys Spa Resorts
3973,Royal Hideaway
3974,Adelaide DressCircle Apartments
3975,Les Hotels Particuliers 
3976,ABC Gestioni
3977,Acampora Travel
3978,Aeolian Charme
3979,Aeroviaggi
3980,Alpissima
3981,Alpitour
3982,Ambienthotels
3983,Amort Hotels
3984,Andrea Pitteri
3985,Anghel Hotels
3986,Anna Politi
3987,AnticoPanadaGroup
3988,Arlotti Hotels
3989,ARS Hotels
3990,Aurum Hotels
3991,B&B I Am Here
3992,Baia Holiday
3993,Batani Select Hotels
3994,Bauer Hotels
3995,Be Apartments
3996,Bella Italia
3997,BellaVeneziaGroup
3998,Belle Arti Group
3999,Bettoja
4000,Billy Apartments
4001,Blu Hotels
4002,Bluserena
4003,CaAlviseGroup
4004,Cerini Hotels
4005,ChiaGroup
4006,Chincherini Hotels & Resorts
4007,CHOTEL
4008,Claudia Delli Properties
4009,Club Esse
4010,Colella HTL
4011,Colonna Hotels
4012,Concerto Hotels
4013,Consulenze Hotel
4014,Costa degli Ulivi
4015,Dolomiti Club Residence
4016,Effehotels
4017,ErreGi Travel
4018,Errequadro
4019,Europlan
4020,Famiglia Matera
4021,Ferretti Group
4022,Filippo Polo Hotels
4023,GAIS Hotels
4024,Garda Hotels Italia
4025,GECO
4026,Geocharme SRL
4027,GHS Hotels
4028,Giglio Hotels
4029,Greenblu Gestioni Turistiche
4030,Grifone
4031,Grimaldi Apartments
4032,Gruppo Artemide
4033,Gruppo Augusta Lucilla
4034,Gruppo Aventino
4035,Gruppo Brunelleschi
4036,Gruppo Burcardo
4037,Gruppo Contilia
4038,Gruppo Euro House/Cianfrocca
4039,Gruppo Gravina - Idee Ricettive
4040,"Gruppo Hotel D'Este, Paris e Hotel Repubblica"
4041,Gruppo Kolbe
4042,Gruppo La Griffe
4043,"Gruppo Laurentia, Ateneo Garden, Pergola, Carlo Magno"
4044,Gruppo Morgana
4045,Gruppo Passalacqua
4046,Gruppo Purple
4047,Gruppo Remar
4048,Gruppo Tassoni
4049,Gruppo Tommaso Scotto Di Luzio
4050,Gruppo Trevi
4051,Gruppo Valadier
4052,Gruppo Venetia Palace
4053,Hartmann Hotels
4054,Heart Milan Apartments
4055,Hintown
4056,Horstman
4057,Hotel Demetra Capitolina e Hotel Orbis e Dina
4058,Interlude
4059,Interlude Management
4060,iRooms
4061,Italica Hotels
4062,JSH
4063,Leonardi Hotels
4064,LHP hotels
4065,LOAN
4066,Locobel
4067,Lorenzetti
4068,Hotel Management
4069,Hotel Performance
4070,Hotel Revision
4071,Hotel Solutions
4072,Hotels Revenue
4073,Lungarno Collection
4074,Lungolivigno
4075,Manniello
4076,Maximilianshotels
4077,Memora Hotels
4078,Mentefredda
4079,Minihotel
4080,Mokinba
4081,Monaco&Selvadego
4082,Montagnoli Hotels
4083,Mood Hotels
4084,Morgano Hotels Capri
4085,MR Group
4086,Nascimebene
4087,Nonni Hotels
4088,Ottimistica Hotels 
4089,P & H Management
4090,Palazzo del Corso
4091,Palenca Luxury Hotel Group
4092,Parchotels
4093,Piazza di Spagna View Hotels
4094,Planetaria hotels
4095,Polihotels
4096,Priuli Hotels
4097,QC Terme
4098,Rentopolis
4099,Residence Hotel
4100,Rimini Residence
4101,Roberto Naldi Collection
4102,Rome As You Feel
4103,Rome Nice Room
4104,Roscioli
4105,Royal Group
4106,Short Stay Apartments
4107,Sina Hotels
4108,Sleep In Italy
4109,Temporary House
4110,The Hotel Sphere
4111,ToFlorence Hotels
4112,Tonelli Hotels
4113,Toni Hotels
4114,Townhouse
4115,Travelroma Hotels
4116,Trentino Residence
4117,Ve.N.I.Ce Cera
4118,Venanti Hotels
4119,VESTAS
4120,VOI Hotels
4121,Why The Best Hotels
4122,WITHIN
4123,Zeusinfomatica
4124,AM Hotels
4125,Giglio Travel
4126,Grand Hotels International
4127,Marson's
4128,Per Aquum
4129,Oaks Liwa Heights
4130,Oaks Liwa Executive Suites
4131,DecoApartments
4132,Sonder
4133,MADEHO
4134,Fabhotels
4135,Allegro
4136,Campus Living Villages
4137,w2m hotels
4138,Tru by Hilton
4139,Magic Hotels and Resorts
4140,Fariones Group
4141,welcome2vienna
4142,Peel Hotels
4143,Siblu Villages
4144,Mitsui Garden Hotels
4145,Lightbooking
4146,Destiny Student
4147,Destiny Scotland
4148,Point A
4149,Narada
4150,Punthill
4151,Robert Collection
4152,RACV
4153,Elegance Hotels 
4154,Carema Hotels
4155,Formentera Mar
4156,CN Narada Boutique
4157,MaxOne
4158,ZIA
4159,Nite & Day
4160,Fuerte Holiday Assist
4161,The Address Hotels & Resorts
4162,Vida Hotels & Resorts
4163,Rove Hotels
4164,Armani Hotels
4165,Emaar Hospitality Group
4166,Toyoko Inn Co Ltd
4167,Redefine BDL Hotels
4168,Town & Country Collective
4169,Interstate Hotels UK
4170,AL Diyafah Hotels
4171,Grand UK Hotels
4172,AMHotels
4173,Flexiflat
4174,Hastings Hotels
4175,nine hours
4176,Independent Hotels
4177,Green Chain Sendai
4178,Veranda Resorts
4179,HPG
4180,Top Canary Villas
4181,LUX Apartments
4182,Morasol Hoteles
4183,Sun & Sky Hospitality Group
4184,Avari Hotel Group
4185,Panorama Hotel Group
4186,Al Manar Hotel Group
4187,Landmark Hotel Group
4188,City Season Hotel Group
4189,Saffron Hotel Group
4190,Somewhere Hotel Group
4191,Bluebay Group
4192,Jannah Hotels & Resorts
4193,City Premiere Group
4194,Al Waleed Palace Group
4195,City Stay Group
4196,Gloria Hotels & Resorts
4197,Nassima Group
4198,Emirates Grand Group
4199,Abidos Hotels
4200,Dunes Hotel Apartments
4201,Al Khoory Group
4202,Mondo Hospitality
4203,Grand Midwest Group of Hotels & Apartments
4204,Chelsea Group
4205,Lotus Hospitality
4206,Byblos Hospitality
4207,Citymax Hotel Group
4208,Savoy Hospitality
4209,Tulip Hotel Group
4210,Welcome Hotel group
4211,F�n Hotels
4212,Hotel Marroad
4213,Heritage Hotels Group
4215,Shearings Group
4216,Open Room
4217,CN LingNan
4218,Continental Bay
4219,PlanHotel Hospitality Group
4220,AHG - Atlantis Hotel Group
4221,Neptune Hotels
4222,The Zanzibar Collection
4223,Paradise & Wilderness
4224,Pearlsun Hotels & Resort
4225,GJP Hotels
4226,HPlus
4227,Tropical Hotels and Resorts
4228,Vert Hoteis
4229,Littoral Hoteis
4230,Bristol Hoteis
4231,Rio Quente Resorts
4232,2.0 Hoteis
4233,Rede Brasil de Hoteis
4234,Nord Hoteis
4235,San Diego Hoteis
4236,Faro Hoteis
4237,Taua Resorts
4238,Astron Hoteis
4239,PGCR Hotelaria
4240,Che Lagarto
4241,Plaza Brasilia
4242,Golden Dolphin
4243,Royal Palm Hoteis
4244,Master Hoteis
4245,Fasano
4246,AKZENT Hotels
4247,Moivaro lodges & Tented Camps
4248,Tarragona Suites Apartments
4249,South Lakes Hotels
4250,Costa Daurada Apartments
4251,Leon Inmobiliaria
4252,Hello Apartments
4253,Maraluxe Hospitality
4254,Apartaments AR
4255,Bonanza
4256,Ark Hotel
4257,GrandVrio
4258,Route Inn
4259,Route Inn Grantia
4260,Lake District Country Hotels
4261,Giant Hospitality
4262,HipHop Hostels Philippe
4263,HipHop Hotels
4264,MAK Hotels
4265,Cleopatra Luxury Hotels & Resorts
4266,Know IT Uganda
4267,TFE Collection
4268,thesqua.re
4269,Classic Hotels
4270,Sonas Hospitality
4271,Brighton Getaways Ltd
4272,FERGUS Hotels
4273,John Fowler Holiday Parks
4274,Q Apartments
4275,CPLA
4276,Apartment K
4277,Senator
4278,Terre de France
4279,Thai Holiday Homes
4280,Plaza Mayor
4281,Total Valencia
4282,CN Plateno
4283,Soft Inn
4284,Di Roma
4285,Dan Inn
4286,Golden Park
4287,Nobile Beach Class
4288,Transamerica Hoteis
4289,Gran Nobile
4290,Cervia Club Hotels
4291,Ibiza Feeling
4292,D-Hotels
4293,Atmosphere
4294,travelconsultinggroup
4295,Caithness Collection
4296,TopParken
4297,Hogenboom
4298,Roompot Vakantieparken
4299,Oostappen Vakantieparken
4300,EuroParcs
4301,CN Evergrande
4302,TravelHotel
4303,Libertel
4304,Zafiro Hotels
4305,Elewana Collection
4306,Demlyn Group
4307,Gardenia Hotels
4308,Gardena
4309,Roberto Dazzo
4310,Ermanno
4311,Luciano
4312,Duodo Ruzzini
4313,Torino Nobile
4314,Gaia e Martina
4315,Kebab
4316,Miao
4317,Ortolan
4318,Marea
4319,Beautiful
4320,Claudio
4321,Danilla
4322,Ferruccio
4323,Yousef Charm
4324,Da Bruno
4325,Schiavoni
4326,Tiepolo
4327,Messner
4328,Reali
4329,Ali Reza
4330,Diego
4331,Fenice
4332,Betty
4333,OptyFlat
4334,CERA
4335,City Apartments
4336,Archi Artisti
4337,Principe Amadeus
4338,Angelo Sospiri
4339,Bonvecchiati
4340,Graspo
4341,Liassidi
4342,Pagan Guardi
4343,Sweet Venice
4344,San Maurizio
4345,Bragadin
4346,Fiorita
4347,Gottardi Mariele
4348,Arte
4349,Hostel estate
4350,La Calcina
4351,Vele Elenda
4352,Vizzoto
4353,Riccio
4354,Base hotel
4355,SHG
4356,Magesta
4357,Antony
4358,Nikoletta Montresor
4359,Antonello Ferrara
4360,Edoardo Caldari
4361,Les Collectionneurs CRS
4362,Vele Elena
4363,Vizzotto
4364,Heritage Lisboa
4365,RIU Plaza
4366,RIU Resorts
4367,Azureva
4369,ATH Hotels
4370,Marins Hotels
4371,Flatguest
4372,Top-Kanaren
4373,2017 Caribbean Luxury Sale JMC
4374,Mister Flats
4375,Maeva Particuliers
4376,Villages Nature
4377,Golden Hotels
4378,Ereza
4379,Mantra Global Parent - MeSo
4380,Simps Inn
4381,Giant Serviced Apartments
4382,Baron
4383,Coral Sea
4384,Falcon Hotels
4385,Helnan
4386,Monte Carlo
4387,Paradise Inn
4388,Reef Oasis
4389,Sunny Days
4390,Tropitel
4391,Africa Albida Tourism
4392,Imperial
4393,Gavimar Hotels
4394,URH Hotels
4395,Jacaranda
4396,VR Club Hotels & Resorts
4397,AlMuhaidb group
4398,Alaxi Hotels
4399,Fabrizio Ruocco
4400,Melania Iaccarino
4401,Luca D'Angiolo
4402,Hit Hotel
4403,Pietro Monti
4404,Famiglia Reale
4405,Famiglia Colonna
4406,Famiglia Russo
4407,Iaccarino
4408,Ragosta Hotels
4409,Saint Jane
4410,Famiglia Citarella
4411,Famiglia Cimini
4412,Famiglia Marzoli
4413,Elyatime
4414,Jameson Inn
4415,ABAPART
4416,Antiche Dimore Fiorentine
4417,Mallorca Charme
4418,Senses Hotels
4419,Delfin Senses
4420,Bookholidays
4421,2017 Blue Diamond Travelocity Storydoing - Punta Cana
4422,Swiss Youth Hostels
4423,eurotels
4424,Vacanciel
4425,GIROROOMS
4426,Discover Rwanda
4427,Michels & Taylor
4428,Popinns
4429,Sonesta ES
4430,Stirling Venues
4431,Montage Hotels & Resorts
4432,MC Apartamentos
4433,Intercorp Hotel Group
4434,Orchid Hotels
4435,CN New Century Hotels
4436,Bizflats
4437,Focus Hotels
4438,Crystal Hotel Management Group IA
4439,Canary Nature
4440,Balnearios Relais Termal
4441,3C Hotels
4442,Faranda Hotels
4443,HBR Hotels
4444,Hotel Revenue Group
4445,Tequendama Hotels
4446,On Vacation Hotels
4447,Solar Hotels
4448,Maketing Hotelero
4449,Colombia Hotel Deals
4450,Dorado Hotels
4451,Santorini/Regency Hotels
4452,Xarm Hotels
4453,Viaggio Hotels
4454,MS Hotels
4455,Blue Doors Hotels
4456,Metro Hotel
4457,Oxo Hotels
4458,E-maketing Hotels
4459,Colombia Click Hotels
4460,Cosmos Hotels
4461,BH Hotels
4462,Movich Hotels
4463,Estelar Hotels 
4464,Al Eairy Group
4465,Ad Place e Becher
4466,Anastasia e Violino
4467,AMT Hotels
4468,Antonio Canova
4469,Atahotel
4470,Bembo/Leon Bianco
4471,Bormiolini Hotels
4472,Bruno Valastro
4473,Chincherini
4474,De Salvo
4475,Di Giovanni Proprieta
4476,Edera/Viktoria
4477,Fanali/Ca nigra
4478,Federica Heccel
4479,Francesca Giampiccolo
4480,Gaffaro & Malcanton
4481,GAIS Hotel
4482,Giovanni Occhipinti
4483,GrandiViaggi
4484,Guastella revenue
4485,HotelBoost
4486,Impretour
4487,Insider Quality
4488,Isabella Armenia
4489,LivignoGo Living Viaggi
4490,Menella
4491,Nicole Ville Lido
4492,Rivamare/Alberti
4493,Tony Greco
4494,Gruppo Algila
4495,City Room Rentals Edinburgh
4496,Pelinor
4497,Gorillas
4498,Studios 2 Let
4499,Espanhouse
4500,La Fontaine Hotels
4501,Ciprotur
4502,Casa Andina Hotels
4503,Aranwa Hotels
4504,San Agustin Hotels
4505,Inkaterra Hotels
4506,Tierra Viva Hotels
4507,Concept Hotel Group
4508,Coral CR
4509,Garden Isle Hotels
4510,JMC Negril June 16 - MeSo
4511,Crea Hoteles
4512,Helios Hotels
4513,Marina D'Or
4514,Casual Hoteles
4515,3HB
4516,Ourthe & Somme
4517,LikeAHotel
4518,Milton Hotels
4519,Azul Resorts
4520,Beaches Resorts
4521,Breathless Resorts & Spas
4522,City Express Hotels
4523,City Express Junior Hotels
4524,Dreams Resorts & Spas
4525,El Dorado Resorts
4526,Fiesta Inn Hoteles Business Class
4527,Gamma Hoteles
4528,Generation Resorts
4529,Gran Resorts
4530,Grand Fiesta Americana Hotels & Resorts
4531,Grand Oasis Resorts
4532,Hyatt Zilara
4533,Hyatt Ziva
4534,Krystal Grand Hotels & Resorts
4535,Krystal Hotels & Resorts
4536,Krystal Urban Hotels
4537,Le Blanc
4538,Live Aqua Resorts
4539,Memories Resorts
4540,Now Resorts & Spas
4541,One Hoteles
4542,Park Royal Resorts
4543,Pueblo Bonito Resorts
4544,Quinta Real
4545,Real Inn
4546,Royalton Resorts 
4547,Sandos Resorts
4548,Secrets Resorts & Spas
4549,Starfish Resorts
4550,Sunscape Resorts & Spas
4551,Tafer Resorts
4552,The Explorean
4553,The Royal Resorts
4554,Unico
4555,Zoetry Wellness & Spa Resorts
4556,Villa Group Resorts
4557,Environmental Quality International (EQI)
4558,Aida
4559,Mets
4560,Candeo Hotels
4561,Windsor
4562,Court Hotels
4563,Keikyu EX Inn
4564,Keio Plaza
4565,Richmond
4566,Royal Park Hotels
4567,Super Hotel
4568,Tobu Hotel Management
4569,Tokyu Stay
4570,View Hotel
4571,Valenciaflats
4572,Hoshino Resorts
4573,Unizo Hotel Company
4574,Grupo Ostar
4575,Hoteles ZAR
4576,Dar Al Eiman Hotels
4577,Country Villas Lanzarote
4578,Under Raphael Hotels
4579,Agenzia Montana (Cattonzi)
4580,AffittaSardegna
4581,Nicolaus
4582,Halldis
4583,Terme di Sirmione
4584,Pederzolli
4585,Merlin Group
4586,Mistral Group
4587,Cherv� Group
4588,Nodari
4589,Lonardelli Group
4590,Montresor Group
4591,Mason Group
4592,ECVacanze Group
4593,Seresina Group
4594,Hotelsolutions
4595,Betta
4596,Sunhotels
4597,Poiani Group
4598,Santa Maria Group
4599,Gts Tignale
4600,West Etoile Elys�es
4601,Joel Gestion
4602,CN Argyle
4603,CN Vienna Hotel
4604,"Thwaites Hotels, Inns and Lodges"
4605,Mo Rentals 
4606,BD Hotels - Independent
4607,Torrent API
4609,Hoteles 2
4610,ACV
4611,Newport Hotel Group
4612,One Shot Hotels
4613,Calza Group
4614,Sydney Lodges
4615,Tapestry Collection by Hilton
4616,Diana HR
4617,Swipe Property
4618,Grupo Velas
4619,IH Hotels
4620,Your Stay Bristol
4621,Largo Resorts
4622,Apartments Apart
4623,Ilusion Hotels
4624,Gran Resorts
4625,R2 Hotels
4626,Rosamar Hotels
4627,SUN1
4628,Ritz Angola
4629,Mantra Hotels Global Parent - MeSo
4630,Ohtels
4631,Amsterdam Hospitality Group
4632,Triumph Hospitality
4633,Canyamel Group
4634,Mackenzie Hotel Group
4635,Exintursa
4636,Greatbase Apartments Edinburgh
4637,Tribe Hotels
4638,First Hotels Franchise
4639,Sentrim
4640,Soroya Shortlet Property
4641,Freigeist Hotels
4642,Medium hotels
4643,Balladins NTA
4644,Subur hotels
4645,Maykenbel Properties
4646,MOW Hotels
4647,Eco Hotels Costa Brava
4648,Plaza Inn
4649,Home Place
4650,FeelFree Rentals
4651,Eldorado Resorts Inc
4652,Rent-a-Villa Phuket 
4653,Olissippo Hotels
4654,Toprent Madrid
4655,Alaia Holidays & Apartments
4656,MLR
4657,Dobo Rooms
4658,Basque Stay
4659,Iberorent Apartments
4660,PYR Select
4661,San Sebastian Flats
4662,Aizlur
4663,Forever Young Apartments
4664,Mycityhome
4665,Nihal hospitality
4666,Smart Hostels
4667,LHR CR
4668,Vista Rooms 1
4669,Xeliter - MESO
4670,AlSol - MESO
4671,Lifesytle Holiday Vacation Resorts - MESO
4672,Santo Domingo Joint Marketing Campaign - MESO
4673,USVI Joint Marketing Campaign - MESO
4674,Aesa Luxury
4675,Metropolo Hotels
4676,INATEL
4677,Euroloix
4678,Suites Garden
4679,RK Hotels
4680,Aadesa Hotels
4681,Alvarez Arguelles Hotels
4682,Amerian Hotels
4683,Antipl�nico Hotels
4684,Atton Hotels
4685,Bourbon Hotels
4686,Camino Real Hotels
4687,Cumbres Hotels
4688,Diego de Almagro Hotels
4689,Dreams Hotels
4690,Enjoy Hotels
4691,Explora Hotels
4692,Grand Hotels Lux
4693,Grupo Rosario Hotels
4694,Loi Hotels
4695,LP hotels
4696,Noi Hotels
4697,Oro Verde Hotels
4698,Panamericana Hotels
4699,Park Plaza Hotels
4700,Plaza El Bosque Hotels
4701,Regal Pacific Hotels
4702,Regency Uruguay Hotels
4703,Rochester Hotels
4704,Sacramento Management Hotels
4705,Solans Hotels
4706,Tay Group Hotels
4707,Terrado Hotels
4708,Tierra Hotels
4709,Transoceanica Hotels
4710,Unique Hotels
4711,Adagio Premium
4712,Indian Formule 1
4713,Mama Shelter
4714,Sofitel Legend
4715,SO Sofitel
4716,Lisbon Serviced Apartments
4717,HF Hoteis Fenix
4718,Black Square Collection
4719,Askalu Group
4720,Tenerife North Holidays
4721,Hotel Link Solutions
4722,Eurotraveller Hotel
4723,Tinggal
4724,Eco Team
4725,Weflating BCN
4726,You Stylish
4727,Faba Hotels
4728,Sarto-Gasser Group
4729,Luis Hoteles
4730,Hoteles Poseidon
4731,Apartamentos 3000
4732,Unitursa
4733,Central Stay London
4734,MR Hoteles
4735,Metropark Group
4736,AD Place e Loft
4737,Lux Hotels
4738,Palmers Lodge Group
4739,De Bergenske
4740,Villas de Cine
4741,Camino Real Bolivia
4742,Dreams Hotels Chile
4743,Dreams Hotels Soam
4744,Park Plaza Hotels Chile
4745,Yupihome
4746,Basic Menorca
4747,Guvon Hotels
4748,Vacation Marbella
4749,Butterfly
4750,L'hotel
4751,National Hotel Group
4752,Hipotel
4753,Global Sitges
4754,Basque Homes
4755,Ingenia Holidays
4756,IBB
4757,Villa Finder
4758,Costa Rica Hostels
4759,Verve Vacation Rentals
4760,Cosmopolita Group
4761,Lollipops Flats
4762,HG hotels
4763,StayinGirona
4764,Agis
4765,Girona Cool Apartments
4766,Livingirona
4767,Feel Porto
4768,Mastcraft Group
4769,Homing
4770,Ocre et Azur
4771,Antoinette Hotel Group
4772,Aorubro
4773,LU Holidays
4774,BeGuest
4775,El Conserje
4776,Hello Lisbon Apartments
4777,Portugal Ways
4778,Turim Hotels
4779,Lisbon Five Stars
4780,Starwood Hotels
4781,Torre de Canyamel
4782,MyCanarianDream
4783,El Bulin
4784,DreamAlgarve
4785,Amazonia Hotels
4786,Vivalidays
4787,Marineau Vacaciones
4788,Pro Homes JA
4789,Go Punta Cana Real Estate
4790,Grand Cayman Condos
4791,City R�sidence
4792,CN Orange Hotel
4793,CN Starway Hotels
4794,CN Vienna International Hotels
4795,CN Best Sleep
4796,CN 3 Best Hotel
4797,CN HNA Grand Hotel
4798,CN HNA Business Hotel
4799,CN HNA Express Inn
4800,CN TANG Hotel
4801,CN Echarm
4802,CN Borrman
4803,CN Immersing
4805,CN Wanda Realm
4806,CN Shindom Inn Hotels
4807,CN BTG Nanyuan
4808,CN BTG Lohas
4809,CN Narada Ginlan Jia
4810,CN Homeinn Plus
4811,CN Motel 168
4812,CN Green Tree Inn Hotels
4813,CN Shell Hotels
4814,CN Green Tree Alliance
4815,CN Green Tree Eastern
4816,CN Green Tree Inn Vatica
4817,CN Gloria G-Luxe
4818,CN Gloria Resorts
4819,CN Gloria Grand Hotels
4820,CN Venus Royal Hotel
4821,CN Venus International Hotel
4822,CN Gloria GtEL
4823,HappyVila
4824,Grup Inmogestio - AGI
4825,Selina Hostels
4826,Yukai Resort
4827,Costa Brava Si
4828,Sleep Towns
4829,H8 Collection
4830,Rent Apartments Salamanca
4831,L&H Apartments
4832,Brown Hotels
4833,Magic Hotels Tunisia
4834,Sovereign Vacation Rentals
4835,1st Home Rent
4836,Gaita Luxury Rentals
4837,Aranzazu Hoteles
4838,Hovima
4839,JITKey Apartments
4840,Azahar Apartamentos
4841,Sevilla Apartments
4842,Room Service
4843,SunHome Apartments
4844,Charmillion Hotels & Resorts
4845,iLoftmalaga
4846,Sea & Wave Apartments
4847,Waterfront Apartments
4848,Caleta Homes
4849,GrupalMalaga
4850,Cool Apartments
4851,Ledges
4852,Five Star Lodging
4853,Wasatch Vacation Homes
4854,Ski Colorado
4855,Mount Majestic
4856,Cadiz4Rentals
4857,Warmrental
4858,Villas2Go2
4859,Ehvoe
4860,Duviviez
4861,Santi Expertimmo
4862,CocoonR
4863,Florint Vacation Rentals
4864,Azur Online
4865,Lavanda Ventures LTD
4866,Bolas Paris
4867,B Signature
4868,9Hotel Collection
4869,Solhabitat Moraira
4870,Bellmon
4871,Bbarcelona Apartments
4872,Alexandre hotels Tenerife
4873,AGI
4874,Grupo Florescente
4875,Apt In Lisbon
4876,Residence by G
4877,Host Kick Canada
4878,Host Kick USA
4879,Miami Te Espera
4880,Trademark
4881,Panama Jack
4882,HipHop Hostels Laurent
4883,Short Term Stays
4884,QuickStay
4885,Be Mate
4886,Corduba Suites
4887,Allogio Management
4888,MadFlats
4889,Travelodge Independent
4890,Villas Ferrer
4891,The Apartment Service
4892,Schick Hotels
4893,City Stay Aparts
4894,Federal Group Hotels
4895,ViajaLibre Spa
4896,Karivu Apartments
4897,CN Greeland
4898,CN Landison Hotels
4899,CN Atour
4900,CN Deefly
4901,CN SC Hotel
4902,Paris Inn
4903,Bali Villas Holiday Vacation Rentals
4904,Grupo Promed
4905,Rent4Rest
4906,Sanctuary Resorts
4907,BeBreeze
4908,Chezmoihomes
4909,Port Hotels
4910,Port Stephens
4911,Wining Holidays
4912,Lemon Key
4913,Grupo Duas Nacoes
4914,Barcelona2be
4915,HPRG
4916,Santiago 9 Apartamentos
4917,Liiiving
4918,Santa Lucia Rural
4919,Travel to Madeira
4920,Amber Star
4921,Weitzer Hotels
4922,Apartamentos Delamar
4923,Adelanta Inmobiliaria
4924,ASN Sierra Nevada
4925,Realejo
4926,Browns Hotel Group
4927,Letmalaga
4928,Livescape
4929,Reservas M�laga Centro
4930,Villazul
4931,MalagaEasyRooms
4932,Charming Concept
4933,La recepcion apartments
4934,Suncity
4935,Deniasol
4936,Jufa Hotels
4937,Far Home Hostels
4938,Apartments in Madrid
4939,LGH Hotels
4940,Poiano s.p.a
4941,My Extra Home
4942,Rental In Your Apartment in Rome
4943,Intour Hotels
4944,Al Aseel Plaza Hotels
4945,4Rent
4946,Al Masem
4947,Blue Sands
4948,Diyafat
4949,Dome
4950,Golden Prince
4951,Hayat
4952,Lina Park
4953,Orchid Suites
4954,Rand Jeddah
4955,Taleen
4956,Yamama
4957,Airsorted
4958,Hoti Hoteis
4959,Ad Hoc Hoteles
4960,SM Hoteles
4961,Your Opo Apartments
4962,Tu Casa de vacaciones
4963,InnOutHome
4964,Roomspace
4965,One Love Rentals
4966,Oh Madrid
4967,niu Hotels
4968,Tang's Living Group
4969,Rafleys
4970,Costa Blanca Rent
4971,yt66tt
4972,Hearn's Port Fairy Accommodation
4973,Story Hotels
4974,Connect Hotels
4975,Stockholm Meeting Selection
4976,The Collector's Hotels
4977,Hellstens
4978,Nobis Hotels
4979,Excellence Hotels
4980,Biz Apartment
4981,ApartDirect
4982,StayAt
4983,F�retagsbost�der
4984,1Cityhome
4985,Special
4986,Lobby Malaga
4987,at Hotel Group
4988,Alquilair
4989,Mallorca Village
4990,Travel Habitat
4991,Tuscany Lovers
4992,Indpt-Gpe BRIMARAL
4993,Living4
4994,Summit Cove
4995,Napo Apartments Srls
4996,Sweet Hoteles
4997,ROIH
4998,StarHost Salerno
4999,Austrotel
5000,Burbankhills Hotels & Villas
5001,Luxury Rentals International
5002,Apstartours IA
5003,Hotel Link Solutions IA
5004,Patrick Hayat
5005,Great Hotels
5006,Teil Paris
5007,Nouvel Paris
5008,Crouin Paris
5009,Kouhana Paris
5010,Hotelsenville
5011,Unlimited Luxury Villas
5012,VacayHome Connect
5013,Beijuan
5014,Original Resorts
5015,Smart Tech Plaza
5016,Helzear
5017,PointSpark
5018,Appart - Europea
5019,Groupe Elystel
5020,Indpt-Gpe Alvotel
5021,Indpt-Hotels Cuitot
5022,Indpt-Gpe Solanet
5023,Indpt-Prince Albert
5024,Indpt-Aida Hotels
5025,Indpt-Dapremont Hotels
5026,Indpt-Si Hocine Hotels
5027,Indpt-Du Pr� Hotels
5028,Indpt-Le Ralle Hotels
5029,Indpt-Boutes Hotels
5030,Urban Vida
5031,Enzo
5032,Sterling Holidays Resorts
5033,Montempo
5034,Necci Hotels
5035,Take Me Rome
5036,Raeli Hotels
5037,Baglioni Hotels
5038,Prince House Hotels
5039,Gruppo Fallace
5040,Bruno Vespa
5041,Gruppo Fratelli Gatti
5042,C-Hotels Italy
5043,Gruppo Cilenti
5044,Cozzi-Parodi
5045,Jamaican Treasures Villas
5046,HMT
5047,Apartamentos Egona Zarautz
5048,UHC
5049,Safestay
5050,Rent Top Apartments
5051,The White Flats
5052,HOMEnFUN
5053,MataroLux
5054,Cosmos Tarragona
5055,Unique Rentals
5057,Estival Group
5058,NextPax
5059,SuperControl
5060,Lisbon Coast Holidays
5061,Rentals United
5062,Spain Rental
5063,EIVILLAS
5064,Indpt - Gpe Pringault
5065,Apartamentos kasa25
5066,Apartement WS
5067,BP Apartements
5068,Pick a Flat
5069,We Stay
5070,Cirrus Inns
5071,Visit The Entrance
5072,Casas Rurales Primorias
5073,Galicia Holiday
5074,Guestincoming
5075,Village Montana
5076,Follow the Sun
5077,Altica
5078,Dushi Homes
5079,Touch Down Group
5080,Raoum
5081,ES-Flats
5082,Express Lodging Group
5083,Aruba Happy Rentals
5084,Hotel Impossible IA
5085,Arena
5086,Holi-Rent
5087,The Red Collection
5088,AGP Properties
5089,Al Ansar Hotels Group
5090,Easy Choice
5091,Can Calco Hotels
5092,Solaga
5093,LocDenia
5094,Inmobiliaria Canovas
5095,Getaway Merimbula
5096,Las Villas de Cue
5097,Accom Whitsunday
5098,Oldtown San Sebastian Rental
5099,Dalata Hotel Group
5100,Temmos
5101,Hotels d'en Haut
5102,Hotelz Group
5103,Coast & Country Getaways
5104,Merino Hospitality
5105,Almeida Hotels
5106,Macdonald Resorts
5107,Blueline Benidorm
5108,Intimate Hotels
5109,Illa Rentals
5110,Tourism Adventure Group
5111,Madrid SmartRentals
5112,Dream Madrid
5113,Gestiono tu vivienda
5114,Interstate Hotels & Resorts
5115,DownTownGroup
5116,Best of Magnetic
5117,Kosciusko Realty Pte Ltd
5118,Proactive
5119,Vacasa
5120,MHM
5121,Blue Mountain Getaways
5122,Fatima hotels
5123,R.O.L.
5124,City Center Apartments
5125,Reyes Apartments
5129,NEA Group
5130,CEA Group
5131,Equeva Group
5132,Nomads
5134,Barcelona BS
5135,Great Hotels Paris
5136,Bahi Hotels & Resorts
5137,Corp Hotels
5138,Hellotime
5139,Olala Apartments
5140,Uniim
5141,18 Torres
5142,Holidays2
5143,INMOBILIARIA FORMIGAL
5144,And Chill
5145,RSI Group
5146,Gruppo Roshella
5147,Into The Revenue 
5148,Gruppo Michol
5149,Gruppo Covotta
5150,Gestioni Domusculta Srl 
5151,Simone Hotel Group
5152,Albani Hotels
5153,Gruppo D'Este Srl 
5154,Gruppo Latour
5155,Hotel Project - Cinquino
5156,Gruppo Opera e Sonya Rome
5157,Gruppo Patria e Augustea
5158,Gruppo Mascagni
5159,Gruppo Stromboli e Marsala
5160,Gruppo Giorgina e Romantica
5161,Champagne Group
5162,Gruppo Quarta
5163,Gruppo Felici
5164,Gruppo Xu
5165,Gruppo Sciamanna
5166,Stayincortina
5167,Gruppo The First
5168,Best Quality
5169,Arenzano e Punta San Martino
5170,Eight Hotels
5171,Gruppo Basto
5172,Gruppo Begh�
5173,Gruppo Borra
5174,Gruppo Cosmin
5175,Gruppo Martinez
5176,Gruppo Ercole
5177,Gruppo Pastine
5178,Gruppo Nicola Gatti
5179,Gruppo Grillo
5180,Gruppo Garino
5181,Gruppo Orefice
5182,Pacific Hotels
5183,PAAL Apartments
5184,Apartamentos Los Huertos
5185,Bed & Go Apartments Lloret De Mar
5186,Green and Blue Villas Ibiza
5187,Sitito
5188,Habitat Apartments
5189,wondersisters
5190,Surtrip
5191,CasaTuris
5192,TravelNest
5193,Las Casas de Sevilla
5194,Life Apartments
5195,Eklo Hotels
5196,San Sebastian Apartments
5197,Grup Frigola 
5198,Gpe Gaucheron
5199,Vacaciones & Bienestar
5200,Diamond Serviced Apartments
5201,Vivasol Tenerife
5202,Home Fosca Apartments
5203,Infocom
5206,BookingHost
5207,TLC
5208,Galante Vasques
5209,GPI Mallorca
5210,Livingtarifa
5211,UnderTheDoorMat
5212,Tenerife Holiday Homes
5213,Cervantes Holiday Flats 
5214,GranCanariaRent
5215,VIP-Time Holiday
5216,HomeRez
5217,Fuerte Dalmera
5218,CN Mehood
5219,Porticasa 
5220,RuralGest
5221,eBooking Home
5223,Travelbook Group
5224,VR PM Zermatt Holidays Apartments
5225,TripKay
5226,Home Holidays Rentals
5227,Big Bear Cool Cabins
5228,My House Mijas
5229,K3Homes
5230,Tobal
5231,Grupo Buenaventura
5232,Grupo los Arcos
5233,Yoho Hotels
5234,Seasun
5235,Martinhal Family Hotels & Resorts
5236,Dream Rental
5237,M&C Inmobiliaria
5238,Discovery Apartments
5239,Florida Destination International
5240,Mountain Management of Breckenridge
5241,Effortless Rentals
5242,Gael Holiday Homes
5243,Soleil Vacances
5244,MyChoice Alagrve 
5245,Unique Escapes
5246,Simply Steam Boat
5247,Amazing Evolution
5248,JHR Group
5249,HomeTowne
5250,Al Amoria Furnished Apartments
5251,Welcome Hotels Iceland
5252,Metro Inns
5253,Pacific Palms Signature Accommodation
5254,Douro Apartments
5255,My Jesolo Hotels
5256,Hidden Away Hotels
5257,Menazza Hotels Group
5258,Istria Sun
5259,Hodari Kenya IA
5260,Go Trip Africa IA
5261,Magical Skies IA
5262,Destinations Connect IA
5263,Midas Technologies IA
5264,GingerBerry IA
5265,airManaged IA
5266,Al Zuhdi Group
5267,Aknan Group
5268,Eden Hotels
5269,Sunset Group
5270,Legacy Hotels UK
5271,Roomzzz
5272,Rel�jate y Disfruta
5273,Miorelli Hotels
5274,Fabian Scherlin
5275,The Ashbee Hotel
5276,GuestReady
5277,Al Rayyan Group
5278,Ana Lodges
5279,Lisbon Downtown Lovers
5280,Cabau Hotels 
5281,Portugal Portfolio
5282,HNH
5283,Oasis Atlantico Hotels&Resorts
5284,Aber
5285,Braira
5286,Red Coach
5287,Cubos Homes
5288,Desenzano Loft
5289,beautiful holiday homes in Galicia
5290,Serviden
5291,Orroland
5292,Espresso Apartments
5295,Bright Escapes
5296,BeeRent
5297,Indpt-Thegatecollection
5298,Kingscliff
5299,Adriagate
5300,Olympia Grupo
5301,Home Select
5302,Avenida Apartments
5303,SDB Apartments
5304,Love Hotels
5305,Carris Hoteles
5306,AP Hotels & Resorts
5307,HomeHolidaysRentals
5308,Cheerfulway Hotels & Resorts
5309,Del Parque Flats
5310,Agua Hotels
5311,Dyar Group
5312,Travel to Ivory Coast IA
5313,Flateli
5314,Click & Flat
5315,City Home
5316,Viva Rental
5317,TFS Rental Guide
5318,Fidalsa
5319,YelloMotels
5320,CN Golden Eagle
5321,Intur Hoteles
5322,Lu&Cia
5323,Discovery Hotel Management
5324,Shiadu Group
5325,Viajes Magon
5326,Protucana
5327,CN Seclusive
5328,Select Hotels
5329,Garbi Hotels
5330,Beyond A Room
5331,My choice
5332,Pergola Hotels
5333,Costa San Juan
5334,Lou'Services Immo
5335,Hipark by Adagio
5336,Prime Apartments
5337,Eviivo IA
5338,GMMDBA T&L
5339,Thomas Cook
5340,H�tels Romain Rio
5341,Swadeshi
5342,Gelli Group
5343,Spicers Retreats
5344,Turisma 
5345,Somriu Hotels
5346,Sport Hoteles
5347,Premier Hotels
5348,RiminiHotels
5349,Wuau Hotels
5350,Faro Hostel
5351,Mantis Collection
5352,Homely Apartments
5353,Elders Real Estate
5354,HelloGuest
5355,WanderJaunt
5356,Marugal
5357,LV Premier Apartments
5358,AlterHome
5359,Icon
5360,HYPM Services
5361,Hookless Holiday Homes
5362,Affordable Large Properties
5363,Friends Hotels
5364,Serhs
5365,Comfitel Group
5366,LPMSM
5367,VIP Hotels Marche
5368,Kampaoh
5369,Tugasa
5370,City Relay
5371,Golden Nugget
5372,Durlet Apartments
5373,Easysleep Barcelona
5374,Dailyflats
5375,Mayerling Apartment
5376,Lugaris
5377,Fincaminium Apartments
5378,Gruppo Borgo Verde
5379,Hostemplo
5380,HUB
5381,FlatSweetHome
5382,Eurasia Hotels
5383,Ginza Project
5384,Rental4all
5385,Allegro Hotels
5386,Renzo Rombol�
5387,Urban Stay
5388,HostMaker
5389,FBM Holidays
5390,Bookings For You
5391,Sweet Home Vacation
5392,LoveSud
5393,Sinbad
5394,Golden Chain
5395,Robinsons Brewery Hotels
5396,Rinaldi Hotels
5397,City Pads London Ltd
5398,Brava Hotels
5399,The London Agent
5400,Steading Holidays
5401,Rotas Hotels
5402,M&C
5403,Como en casa apartamentos tur�sticos
5404,Gallery Hoteles
5405,Gifsa Holidays
5406,Details Hotels & Resorts
5407,MGM Muthu Hotels
5408,Silvano Apartments
5409,Stay Beyond
5410,The Leading Hotels of the World
5411,Coral Beach Resorts
5412,Tribeus Group
5413,WoodSpring Suites Signature
5414,Bluewater Apartments
5415,CaprichoAppartments
5416,Sky Sea Holidays
5417,Z O Properties
5418,Prainha
5419,iTrips
5420,Travel Horizont
5421,Globalsitges
5422,ARAVIS Holidays
5423,Alloggio Hotels
5424,W14 Group
5425,Condo World
5426,indpt-famille Leclerc
5427,Room to Rent
5428,HotelsT
5429,NAU Hotels & Resorts
5430,Vidamar
5431,Daish's Holidays
5432,Radisson Collection
5433,Semper
5434,Ubuhle Tours
5435,Home to Africa
5436,ACE Digital Avenue
5437,Direct Pay Online
5438,KJ Cash Point
5439,Connections IA
5440,Old Flat Properties
5441,TGN Viles de Luxe
5442,Apartments Bermeja
5443,WVR - Cottages.com
5444,WVR - Hoseasons
5445,Coastlands Hotels & Resorts
5446,Leeu Collection
5447,A Space in the City
5448,Home Chic Home
5449,Ashanti
5450,Be Alicante
5452,Luxury London Pads
5453,The Dream Lodge Group
5454,River Hotel
5455,Innapartments
5456,Suiteres
5457,Ribera Apartments
5458,Chessman Properties
5459,Plum Holidays
5460,Still Life Global
5461,Portugal Ferias
5462,De Chatillion Collection
5463,AfriCamps
5464,Collection McGrath
5465,Kenko Hotels
5466,AMEX
5467,Excel Apartments
5468,Nouvelles Frontiere Senegal IA
5469,Sahara Tours IA
5470,Acme Hotels & STN Apartments
5471,Lisbon Holidays Alfama
5472,Stay at Mine
5473,Moon and railway
5474,Bernard MAGREZ
5475,Ermia Hotels & Resorts
5476,Kings Cross Hotels Group
5477,Rent CB
5478,Vis Hotels
5479,The Zentral Apartments
5480,Lisbon Fragrances
5481,Dar Ajwa
5482,Nemea City
5483,City Holidays Limited
5484,Premium
5485,Enotel
5486,DORISOL
5487,Azoris
5488,Apartments Alfama
5854,StayInBest
6151,Our Madeira
6152,Bajamar
6153,Casas Rurales Tio Mora
6154,Calatrava Holiday Rent
6155,Alojamientos Pura
6156,Beach House Valencia
6157,Apartamentos Mediterrania
6158,Labaniego Rural
6159,Oporto city center apartments
6160,Porto Downtown
6161,Lux Bolhao apartments
6162,Jema-Holidays
6163,Casas Maresia
6164,Laz Apartments
6165,HS Houses
6166,Light Breeze Apartments
6167,Os Dragoeiros
6168,Shepinetree
6169,VINTAGE SANTANDER
6170,Carrera Luxury
6171,Porto 365
6172,The Kingsley Connection
6173,Andrin La Torre
6174,MCR Apartments
6175,We Accommodate
6176,Roomerang
6177,Freycinet Holiday Houses
6178,Experience Augusta
6179,The Boutique Collection
6180,Armador
6181,Pensi�n y Viviendas Uso Tur�stico Atl�ntico
6182,KOA Escuela de Surf
6183,CR
6184,Ria de Lires Ecoturismo
6185,Plentitude Villas
6186,Gestio Rural
6187,Bocanegra
6188,Isla del Zujar Holiday Rent
6189,Serena Holiday Rent
6190,Hijos de Gaya
6191,Vienna Residence
6192,Gruppo Nicola Rex
6193,Gruppo Springhouse-Gabbani
6194,Gruppo Piperno
6195,Gruppo de Ierolamo
6196, Ottocento Group
6197,Yes Hotel Group
6198,Ciro Balzano
6199,Rhea Silvia Luxury Rooms
6200,Country Resort Ragusa 
6201,Caportigia Boutique
6202,Gruppo Heberart
6203,Siesta Key Luxury
6204,Enjoy Granada
6205,Dietschi & Coll Apartments
6206,296 Heritage Apartments
6207,Penthouse Vilas Sol II
6208,Porto Happy Flats
6209,D'Autor Apartments
6210,Apartment Sophia Apartments
6211,Foz House
6212,Villas Gina
6213,Velamarina 2 Apartments
6214,Design Apartments Porto Downtown
6215,Casas de Pedra
6216,P�tio da Caetana Villas
6217,Villas Menurka
6218,Best House Center Apartments
6219,Casas da Villa
6220,Casa do � Apartments
6221,Vista Azul apartments
6222,Agro-turismo Quinta da Fonte Apartments
6223,Moinho do Maradona Apartments
6224,Casa Agrela Apartments
6225, S�o Miguel 50 Apartments
6226,Apartamento Concordia Apartments
6227,Downtown Porto Spot Apartments
6228,Livingporto Apartments
6229,Porto Centrum Apartments
6230,Villas da longra
6231,Casa Madeira Apartments
6232,Oceanside Terrace Apartment Apartments
6233,Alegria Apartment Porto Downtown Apartments
6234,CaldaStudio Apartment Apartments
6235,Casa Azul Apartments
6236,Villas in Lagoa de Obidos
6237,Casas de Riba'D�o
6238,TORRE APARTMENT Apartments
6239,Casa Montoit8 Apartments
6240,Casas da Lola I
6241,Peniche holiday houses Apartments
6242,Holiday Villa Vacations
6243,WALLIS VILLA Apartments
6244,Casa do Mar -Sea House Apartments
6245,Sam House Apartments
6246,Lucas Apartments
6247,Oporto Galiza Apartments
6248,SOS Andorra
6249,TRT Consultores CETAM
6250,White Shores Realty
6251,Apartamentos Galizano
6252,Hotel Inn Design
6253,Casas Rurales Xuan
6254,Apartamentos Logic Helior
6255,Casas da zona Velha
6257,Casas dos Grilos
6258,Casas Las Tinajas de Naya
